image_path,second_object,where_answer,front_answer,back_answer,left_answer,right_answer,correct_answer
./Version0_dataset/Qwen_Image_Edit_2509_v0/bottle-of-orange-juice_left_of_chair_FACE-CAMERA.png,bottle-of-orange-juice,The bottle of orange juice is on the floor to the left of the person sitting on the stool.,yes,no,yes,no,right
./Version0_dataset/Qwen_Image_Edit_2509_v0/blanket_right_of_chair_FACE-LEFT.png,blanket,The blanket is on the floor to the right of the person sitting on the chair. It appears to be folded and placed there.,yes,no,no,yes,behind
./Version0_dataset/Qwen_Image_Edit_2509_v0/shoes_right_of_chair_FACE-RIGHT.png,shoes,The shoes are on the floor to the right of the person sitting on the chair. They appear to be brown dress shoes.,yes,no,no,yes,front
./Version0_dataset/Qwen_Image_Edit_2509_v0/box_right_of_chair_FACE-RIGHT.png,box,"The box is on the floor to the right of the person sitting on the chair. It appears to be an Amazon box, as indicated by the branding and design.",no,no,no,yes,front
./Version0_dataset/Qwen_Image_Edit_2509_v0/scarf_left_of_chair_FACE-LEFT.png,scarf,"The scarf is on the floor to the left of the person sitting on the chair. It appears to be draped over something, possibly a small object or the edge of the chair, and it extends towards the bottom left corner of the image.",yes,no,yes,no,front
./Version0_dataset/Qwen_Image_Edit_2509_v0/plate_right_of_chair_FACE-CAMERA.png,plate,The plate is on the floor to the right of the person in the image.,yes,no,no,yes,left
./Version0_dataset/Qwen_Image_Edit_2509_v0/painting_left_of_chair_FACE-LEFT.png,painting,"The painting is on the floor, to the left of the person sitting on the chair. It appears to be a colorful geometric design.",no,no,no,no,front
./Version0_dataset/Qwen_Image_Edit_2509_v0/spatula_right_of_chair_FACE-RIGHT.png,spatula,"The spatula is on the floor to the right of the person, near their right foot. It appears to be a green spatula with a wooden handle.",yes,no,no,yes,front
./Version0_dataset/Qwen_Image_Edit_2509_v0/remote_right_of_chair_FACE-CAMERA.png,remote,The remote is on the floor to the right side of the person in the image.,no,no,no,yes,left
./Version0_dataset/Qwen_Image_Edit_2509_v0/blanket_left_of_chair_FACE-LEFT.png,blanket,"The blanket is on the floor to the left of the person sitting on the chair. It appears to be folded and placed there, possibly for comfort or as part of an activity.",yes,no,yes,no,front
./Version0_dataset/Qwen_Image_Edit_2509_v0/helmet_right_of_chair_FACE-LEFT.png,helmet,The helmet is on the floor to the right of the person sitting on the chair. It appears to be a white bicycle helmet with some black details.,no,no,no,yes,behind
./Version0_dataset/Qwen_Image_Edit_2509_v0/lamp_right_of_chair_FACE-CAMERA.png,lamp,"The lamp is to the right of the person in the image, placed on the floor next to the wall.",no,no,no,yes,left
./Version0_dataset/Qwen_Image_Edit_2509_v0/cap_left_of_chair_FACE-CAMERA.png,cap,The cap is on the floor to the left of the person sitting on the stool.,yes,no,yes,no,right
./Version0_dataset/Qwen_Image_Edit_2509_v0/hat_right_of_chair_FACE-CAMERA.png,hat,The hat is on the floor to the right of the person in the image.,no,no,no,yes,left
./Version0_dataset/Qwen_Image_Edit_2509_v0/scarf_right_of_chair_FACE-RIGHT.png,scarf,The scarf is on the floor to the right of the person sitting on the chair. It appears to be a dark-colored scarf with tassels hanging from the bottom.,yes,no,no,yes,front
./Version0_dataset/Qwen_Image_Edit_2509_v0/plate_left_of_chair_FACE-CAMERA.png,plate,The plate is on the floor to the left of the person sitting on the stool.,yes,no,yes,no,right
./Version0_dataset/Qwen_Image_Edit_2509_v0/cup_right_of_chair_FACE-CAMERA.png,cup,The cup is on the floor to the right of the person sitting on the stool.,no,no,no,yes,left
./Version0_dataset/Qwen_Image_Edit_2509_v0/ball-of-yarn_right_of_chair_FACE-CAMERA.png,ball-of-yarn,The ball-of-yarn is on the floor to the right of the person sitting on the stool.,no,no,no,yes,left
./Version0_dataset/Qwen_Image_Edit_2509_v0/spatula_left_of_chair_FACE-RIGHT.png,spatula,"The spatula is on the floor to the left of the person sitting on the chair. It appears to be a turquoise-colored spatula, and it is positioned near the wall插座 (outlet).",no,no,yes,no,behind
./Version0_dataset/Qwen_Image_Edit_2509_v0/microphone_left_of_chair_FACE-CAMERA.png,microphone,"The microphone appears to be on the floor to the left of the person, near the wall outlet. It is connected to a cable that extends towards the bottom left corner of the image.",no,yes,yes,no,right
./Version0_dataset/Qwen_Image_Edit_2509_v0/shoes_left_of_chair_FACE-LEFT.png,shoes,"The shoes are visible in the lower part of the image, on the floor. The person is sitting on a chair with their feet resting on the floor, and the shoes are clearly seen beneath them.",yes,no,yes,no,front
./Version0_dataset/Qwen_Image_Edit_2509_v0/vase_left_of_chair_FACE-CAMERA.png,vase,"The vase is on the floor to the left of the person sitting on the stool. It appears to be a small, decorative item with a patterned design.",no,no,yes,no,right
./Version0_dataset/Qwen_Image_Edit_2509_v0/knife_left_of_chair_FACE-RIGHT.png,knife,The knife is on the floor to the left of the person sitting on the chair.,yes,no,yes,no,behind
./Version0_dataset/Qwen_Image_Edit_2509_v0/sunglasses_left_of_chair_FACE-CAMERA.png,sunglasses,"The sunglasses are on the floor to the left of the person, near their feet.",no,no,yes,no,right
./Version0_dataset/Qwen_Image_Edit_2509_v0/plate_right_of_chair_FACE-LEFT.png,plate,The plate is on the floor to the right of the person sitting on the chair.,yes,no,no,yes,behind
./Version0_dataset/Qwen_Image_Edit_2509_v0/spatula_left_of_chair_FACE-LEFT.png,spatula,"The spatula is on the floor to the left of the person, near their feet. It appears to be a green spatula with a handle that extends towards the bottom left corner of the image.",yes,no,yes,no,front
./Version0_dataset/Qwen_Image_Edit_2509_v0/bottle_right_of_chair_FACE-LEFT.png,bottle,"The bottle is on the floor to the right of the person sitting on the chair. It appears to be a wine bottle, and it is positioned slightly behind and to the right of the person from their perspective.",yes,no,no,yes,behind
./Version0_dataset/Qwen_Image_Edit_2509_v0/blanket_right_of_chair_FACE-CAMERA.png,blanket,The blanket is on the floor to the right of the person in the image. It appears to be folded and placed there.,yes,no,no,yes,left
./Version0_dataset/Qwen_Image_Edit_2509_v0/mug_left_of_chair_FACE-RIGHT.png,mug,"The mug is on the floor to the left of the person sitting on the stool. It appears to be a white ceramic mug, and it is positioned near the wall插座 (outlet).",no,no,yes,no,behind
./Version0_dataset/Qwen_Image_Edit_2509_v0/kettle_right_of_chair_FACE-LEFT.png,kettle,"The kettle is on the floor to the right of the person sitting on the chair. It appears to be a black electric kettle with a spout, positioned near the baseboard.",yes,no,no,yes,behind
./Version0_dataset/Qwen_Image_Edit_2509_v0/box_right_of_chair_FACE-LEFT.png,box,"The box is to the right of the person in the image, on the floor. It appears to be an Amazon box based on its packaging design.",no,no,no,yes,behind
./Version0_dataset/Qwen_Image_Edit_2509_v0/orange_left_of_chair_FACE-LEFT.png,orange,The orange is on the floor to the left of the person sitting on the chair.,yes,no,yes,no,front
./Version0_dataset/Qwen_Image_Edit_2509_v0/plate_right_of_chair_FACE-RIGHT.png,plate,The plate is on the floor to the right of the person sitting on the chair.,yes,no,no,yes,front
./Version0_dataset/Qwen_Image_Edit_2509_v0/remote_left_of_chair_FACE-RIGHT.png,remote,"The remote is on the floor to the left of the person, near their feet.",no,no,yes,no,behind
./Version0_dataset/Qwen_Image_Edit_2509_v0/remote_left_of_chair_FACE-CAMERA.png,remote,The remote is on the floor to the left side of the person in the image.,no,no,yes,no,right
./Version0_dataset/Qwen_Image_Edit_2509_v0/toilet-roll_right_of_chair_FACE-LEFT.png,toilet-roll,The toilet roll is on the floor to the right of the person sitting on the chair.,yes,no,no,yes,behind
./Version0_dataset/Qwen_Image_Edit_2509_v0/lamp_right_of_chair_FACE-LEFT.png,lamp,"The lamp is to the right of the person in the image, on the floor near the wall. It appears to be a small table lamp with a beige shade and a silver base.",no,no,no,yes,behind
./Version0_dataset/Qwen_Image_Edit_2509_v0/sunglasses_left_of_chair_FACE-LEFT.png,sunglasses,The sunglasses are on the floor to the left of the person sitting on the chair. They appear to be white and are lying flat on the wooden floor.,no,no,yes,no,front
./Version0_dataset/Qwen_Image_Edit_2509_v0/dragonfruit_left_of_chair_FACE-CAMERA.png,dragonfruit,"The dragonfruit is on the floor to the left of the person sitting on the chair. It appears to be a small, red, round object that resembles a fruit.",no,no,yes,no,right
./Version0_dataset/Qwen_Image_Edit_2509_v0/beer-bottle_left_of_chair_FACE-LEFT.png,beer-bottle,"The beer bottle is on the floor to the left of the person sitting on the chair. It appears to be placed near their feet, slightly out of reach but still within the frame of the image.",yes,no,yes,no,front
./Version0_dataset/Qwen_Image_Edit_2509_v0/dragonfruit_left_of_chair_FACE-RIGHT.png,dragonfruit,"The dragonfruit is on the floor to the left of the person sitting on the chair. It appears to be a red, spiky fruit, which is characteristic of a dragonfruit.",no,no,yes,no,behind
./Version0_dataset/Qwen_Image_Edit_2509_v0/photograph_right_of_chair_FACE-RIGHT.png,photograph,"The photograph is on the floor to the right of the person sitting on the chair. It appears to be a framed picture, and it is positioned near the wall.",no,no,no,yes,front
./Version0_dataset/Qwen_Image_Edit_2509_v0/pan_right_of_chair_FACE-LEFT.png,pan,"The pan is on the floor to the right of the person sitting on the chair. It appears to be a frying pan with a black handle, lying flat on the wooden floor.",no,no,no,yes,behind
./Version0_dataset/Qwen_Image_Edit_2509_v0/kettle_left_of_chair_FACE-RIGHT.png,kettle,"The kettle is on the floor to the left of the person sitting on the stool. It appears to be a black electric kettle with a spout, positioned near the wall and slightly to the side of the person.",no,no,yes,no,behind
./Version0_dataset/Qwen_Image_Edit_2509_v0/vase_right_of_chair_FACE-LEFT.png,vase,The vase is on the floor to the right of the person sitting on the chair.,yes,no,no,yes,behind
./Version0_dataset/Qwen_Image_Edit_2509_v0/pillow_left_of_chair_FACE-RIGHT.png,pillow,"The pillow is on the floor to the right side of the person sitting on the chair. It appears to be positioned behind their right leg and slightly to the side, not directly under them.",yes,no,no,yes,behind
./Version0_dataset/Qwen_Image_Edit_2509_v0/blanket_right_of_chair_FACE-RIGHT.png,blanket,"The blanket is on the floor to the right of the person sitting on the stool. It appears to be folded and placed there, possibly for comfort or as part of an exercise routine.",yes,no,no,yes,front
./Version0_dataset/Qwen_Image_Edit_2509_v0/book_left_of_chair_FACE-RIGHT.png,book,The book is on the floor to the left of the person sitting on the chair.,no,no,yes,no,behind
./Version0_dataset/Qwen_Image_Edit_2509_v0/lemon_left_of_chair_FACE-CAMERA.png,lemon,The lemon is on the floor to the left of the person sitting on the stool.,no,no,yes,no,right
./Version0_dataset/Qwen_Image_Edit_2509_v0/pillow_right_of_chair_FACE-RIGHT.png,pillow,"The pillow is on the floor to the left of the person sitting on the chair. It appears to be a mustard-yellow color and is positioned near the wall, slightly away from the person.",yes,no,yes,no,front
./Version0_dataset/Qwen_Image_Edit_2509_v0/orange_left_of_chair_FACE-CAMERA.png,orange,The orange is on the floor to the left of the person sitting on the stool.,yes,no,yes,no,right
./Version0_dataset/Qwen_Image_Edit_2509_v0/beer-bottle_right_of_chair_FACE-CAMERA.png,beer-bottle,The beer bottle is on the floor to the right of the person in the image.,no,no,no,yes,left
./Version0_dataset/Qwen_Image_Edit_2509_v0/can_right_of_chair_FACE-CAMERA.png,can,The can is on the floor to the right of the person sitting on the stool.,no,no,no,yes,left
./Version0_dataset/Qwen_Image_Edit_2509_v0/lamp_right_of_chair_FACE-RIGHT.png,lamp,"The lamp is to the right of the person, slightly behind and to the side. It appears to be on a small table or stand next to the chair.",no,no,no,yes,front
./Version0_dataset/Qwen_Image_Edit_2509_v0/shoes_right_of_chair_FACE-LEFT.png,shoes,The shoes are on the floor to the right of the person sitting on the chair. They are positioned close to each other and appear to be brown dress shoes.,yes,no,no,yes,behind
./Version0_dataset/Qwen_Image_Edit_2509_v0/ball-of-yarn_right_of_chair_FACE-LEFT.png,ball-of-yarn,"The ball-of-yarn is on the floor to the right of the person sitting on the chair. It appears to be a small, gray object that resembles a ball of yarn or a similar item.",yes,no,no,yes,behind
./Version0_dataset/Qwen_Image_Edit_2509_v0/orange_left_of_chair_FACE-RIGHT.png,orange,The orange is on the floor to the left of the person sitting on the chair.,yes,no,yes,no,behind
./Version0_dataset/Qwen_Image_Edit_2509_v0/sunglasses_left_of_chair_FACE-RIGHT.png,sunglasses,The sunglasses are on the floor to the left of the person sitting on the chair. They appear to be white and are lying flat on the wooden floor.,no,no,yes,no,behind
./Version0_dataset/Qwen_Image_Edit_2509_v0/ball-of-yarn_left_of_chair_FACE-CAMERA.png,ball-of-yarn,"The ball-of-yarn is located on the floor to the left side of the person in the image, near their feet. It appears to be a small, gray object that resembles a ball of yarn or a similar item.",no,no,yes,no,right
./Version0_dataset/Qwen_Image_Edit_2509_v0/beer-bottle_right_of_chair_FACE-RIGHT.png,beer-bottle,"The beer bottle is on the floor to the right of the person sitting on the chair. It appears to be placed near their feet, slightly out of reach.",no,no,no,yes,front
./Version0_dataset/Qwen_Image_Edit_2509_v0/pot_left_of_chair_FACE-RIGHT.png,pot,"The pot is on the floor to the left of the person sitting on the chair. It appears to be a small, black cooking pot with a handle.",yes,no,yes,no,behind
./Version0_dataset/Qwen_Image_Edit_2509_v0/plate_left_of_chair_FACE-RIGHT.png,plate,The plate is on the floor to the left of the person sitting on the chair.,no,no,yes,no,behind
./Version0_dataset/Qwen_Image_Edit_2509_v0/lemon_right_of_chair_FACE-LEFT.png,lemon,"The lemon is on the floor to the right of the person sitting on the chair. It is positioned near the bottom right corner of the image, relative to the person's perspective.",yes,no,no,yes,behind
./Version0_dataset/Qwen_Image_Edit_2509_v0/bowl_right_of_chair_FACE-LEFT.png,bowl,The bowl is on the floor to the right of the person sitting on the chair.,no,no,no,yes,behind
./Version0_dataset/Qwen_Image_Edit_2509_v0/scissors_right_of_chair_FACE-RIGHT.png,scissors,"The scissors are on the floor to the right of the person, near their feet.",yes,no,no,yes,front
./Version0_dataset/Qwen_Image_Edit_2509_v0/water-bottle_left_of_chair_FACE-CAMERA.png,water-bottle,The water bottle is on the floor to the left of the person in the image.,no,no,yes,no,right
./Version0_dataset/Qwen_Image_Edit_2509_v0/scarf_right_of_chair_FACE-CAMERA.png,scarf,The scarf is on the floor to the right of the person in the image. It appears to be a dark-colored scarf with tassels hanging from the bottom edge.,yes,no,no,yes,left
./Version0_dataset/Qwen_Image_Edit_2509_v0/kettle_right_of_chair_FACE-RIGHT.png,kettle,"The kettle is on the floor to the right of the person sitting on the chair. It appears to be a black electric kettle with a handle and spout, positioned near the person's feet.",yes,no,no,yes,front
./Version0_dataset/Qwen_Image_Edit_2509_v0/laptop_right_of_chair_FACE-RIGHT.png,laptop,"The laptop is on the floor to the right of the person, slightly behind and to the side. It appears to be an Apple laptop based on the logo visible on the back.",no,no,no,yes,front
./Version0_dataset/Qwen_Image_Edit_2509_v0/bottle_left_of_chair_FACE-CAMERA.png,bottle,The bottle is on the floor to the left of the person sitting on the stool.,no,no,yes,no,right
./Version0_dataset/Qwen_Image_Edit_2509_v0/helmet_left_of_chair_FACE-RIGHT.png,helmet,The helmet is on the floor to the left of the person sitting on the chair. It appears to be a white bicycle helmet with black patterns and a strap.,yes,no,yes,no,behind
./Version0_dataset/Qwen_Image_Edit_2509_v0/bottle-of-orange-juice_left_of_chair_FACE-RIGHT.png,bottle-of-orange-juice,"The bottle of orange juice is on the floor to the left of the person sitting on the chair. It is positioned near the wall and slightly in front of the person, closer to the bottom left corner of the image.",yes,no,yes,no,behind
./Version0_dataset/Qwen_Image_Edit_2509_v0/dragonfruit_left_of_chair_FACE-LEFT.png,dragonfruit,The dragonfruit is located on the floor to the left of the person sitting on the chair. It appears to be red and is positioned near the person's feet.,yes,no,yes,no,front
./Version0_dataset/Qwen_Image_Edit_2509_v0/kettle_left_of_chair_FACE-CAMERA.png,kettle,"The kettle is on the floor to the left of the person in the image. It appears to be a black electric kettle with a spout, placed near the wall and slightly to the side of the person sitting on the stool.",yes,no,yes,no,right
./Version0_dataset/Qwen_Image_Edit_2509_v0/knife_left_of_chair_FACE-CAMERA.png,knife,The knife is on the floor to the left of the person sitting on the stool.,yes,no,yes,no,right
./Version0_dataset/Qwen_Image_Edit_2509_v0/book_right_of_chair_FACE-CAMERA.png,book,The book is on the floor to the right of the person sitting on the stool.,no,no,no,yes,left
./Version0_dataset/Qwen_Image_Edit_2509_v0/bottle-of-mustard_right_of_chair_FACE-CAMERA.png,bottle-of-mustard,"The bottle of mustard is located on the floor to the right side of the person in the image, near the wall.",no,no,no,yes,left
./Version0_dataset/Qwen_Image_Edit_2509_v0/knife_right_of_chair_FACE-CAMERA.png,knife,"The knife is on the floor to the right of the person, near their right foot.",yes,no,no,yes,left
./Version0_dataset/Qwen_Image_Edit_2509_v0/water-filter_left_of_chair_FACE-RIGHT.png,water-filter,The water filter is on the floor to the left of the person sitting on the stool. It appears to be a white pitcher-style water filter with a clear base.,yes,no,yes,no,behind
./Version0_dataset/Qwen_Image_Edit_2509_v0/photograph_left_of_chair_FACE-RIGHT.png,photograph,"The photograph is on the floor to the left of the person sitting on the chair. It appears to be a black-and-white image, possibly of the Eiffel Tower, given its recognizable silhouette.",no,no,yes,no,behind
./Version0_dataset/Qwen_Image_Edit_2509_v0/book_right_of_chair_FACE-RIGHT.png,book,"The book is on the floor to the right of the person sitting on the chair. It appears to be placed there intentionally, possibly as part of the setup for the photograph.",no,no,no,yes,front
./Version0_dataset/Qwen_Image_Edit_2509_v0/pan_right_of_chair_FACE-RIGHT.png,pan,"The pan is on the floor to the right of the person, slightly behind their right foot.",yes,no,no,yes,front
./Version0_dataset/Qwen_Image_Edit_2509_v0/bowl_left_of_chair_FACE-LEFT.png,bowl,"The bowl is on the floor to the left of the person sitting on the chair. It appears to be a white bowl, and it is positioned near the person's feet.",yes,no,yes,no,front
./Version0_dataset/Qwen_Image_Edit_2509_v0/painting_right_of_chair_FACE-RIGHT.png,painting,"The painting is on the floor to the right of the person sitting on the chair. It appears to be a geometric pattern with colors including blue, pink, and orange.",no,no,no,yes,front
./Version0_dataset/Qwen_Image_Edit_2509_v0/cap_left_of_chair_FACE-RIGHT.png,cap,The cap is on the floor to the left of the person sitting on the chair. It appears to be a black cap with a white logo on it.,yes,no,yes,no,behind
./Version0_dataset/Qwen_Image_Edit_2509_v0/vase_left_of_chair_FACE-RIGHT.png,vase,"The vase is on the floor to the left of the person sitting on the chair. It appears to be a small, decorative item with a patterned design.",no,no,yes,no,behind
./Version0_dataset/Qwen_Image_Edit_2509_v0/mug_right_of_chair_FACE-CAMERA.png,mug,The mug is on the floor to the right of the person sitting on the stool.,no,no,no,yes,left
./Version0_dataset/Qwen_Image_Edit_2509_v0/vase_right_of_chair_FACE-RIGHT.png,vase,"The vase is on the floor to the right of the person sitting on the chair. It appears to be a small, decorative item with a patterned design.",no,no,no,yes,front
./Version0_dataset/Qwen_Image_Edit_2509_v0/cap_right_of_chair_FACE-CAMERA.png,cap,The cap is on the floor to the right side of the person in the image.,yes,no,no,yes,left
./Version0_dataset/Qwen_Image_Edit_2509_v0/laptop_right_of_chair_FACE-CAMERA.png,laptop,"The laptop is on the floor to the right of the person in the image. It appears to be an Apple laptop, as indicated by the logo visible on the back of the closed lid.",no,no,no,yes,left
./Version0_dataset/Qwen_Image_Edit_2509_v0/spatula_right_of_chair_FACE-LEFT.png,spatula,"The spatula is on the floor to the right of the person, near the wall. It appears to be a kitchen utensil, likely used for cooking or serving food.",no,no,no,yes,behind
./Version0_dataset/Qwen_Image_Edit_2509_v0/wineglass_left_of_chair_FACE-RIGHT.png,wineglass,"The wineglass is on the floor to the left of the person sitting on the chair. It appears to be empty and is positioned near the wall, close to the electrical outlet.",yes,no,yes,no,behind
./Version0_dataset/Qwen_Image_Edit_2509_v0/bottle_left_of_chair_FACE-LEFT.png,bottle,"The bottle is on the floor to the left of the person sitting on the chair. It appears to be a wine bottle, and it is positioned near the person's right foot.",yes,no,yes,no,front
./Version0_dataset/Qwen_Image_Edit_2509_v0/headphones_left_of_chair_FACE-RIGHT.png,headphones,The headphones are on the floor to the left of the person sitting on the chair.,no,no,yes,no,behind
./Version0_dataset/Qwen_Image_Edit_2509_v0/can_left_of_chair_FACE-LEFT.png,can,"The can is on the floor to the left of the person, near their right foot.",yes,no,yes,no,front
./Version0_dataset/Qwen_Image_Edit_2509_v0/ball-of-yarn_left_of_chair_FACE-RIGHT.png,ball-of-yarn,"The ball-of-yarn is on the floor to the left of the person sitting on the chair. It appears to be a small, round object that is likely a ball of yarn or thread.",yes,no,yes,no,behind
./Version0_dataset/Qwen_Image_Edit_2509_v0/hat_left_of_chair_FACE-CAMERA.png,hat,The hat is on the floor to the left of the person in the image.,no,no,yes,no,right
./Version0_dataset/Qwen_Image_Edit_2509_v0/can_left_of_chair_FACE-CAMERA.png,can,The can is on the floor to the left of the person sitting on the stool.,no,no,yes,no,right
./Version0_dataset/Qwen_Image_Edit_2509_v0/kettle_left_of_chair_FACE-LEFT.png,kettle,"The kettle is on the floor to the left of the person sitting on the chair. It appears to be a black electric kettle with a spout, positioned near the wall and slightly in front of the person's feet.",yes,no,yes,no,front
./Version0_dataset/Qwen_Image_Edit_2509_v0/bottle_right_of_chair_FACE-RIGHT.png,bottle,"The bottle is on the floor to the right of the person sitting on the chair. It appears to be a beer bottle, given its shape and size.",yes,no,no,yes,front
./Version0_dataset/Qwen_Image_Edit_2509_v0/helmet_right_of_chair_FACE-CAMERA.png,helmet,The helmet is on the floor to the right of the person sitting on the stool.,yes,no,no,yes,left
./Version0_dataset/Qwen_Image_Edit_2509_v0/headphones_left_of_chair_FACE-LEFT.png,headphones,"The headphones are on the floor to the left of the person sitting on the chair. They appear to be placed near their feet, slightly out of reach.",yes,no,yes,no,front
./Version0_dataset/Qwen_Image_Edit_2509_v0/dragonfruit_right_of_chair_FACE-RIGHT.png,dragonfruit,"The dragonfruit is on the floor to the right of the person sitting on the stool. It appears to be a red, round fruit with a bumpy texture.",yes,no,no,yes,front
./Version0_dataset/Qwen_Image_Edit_2509_v0/toilet-roll_left_of_chair_FACE-CAMERA.png,toilet-roll,The toilet-roll is on the floor to the left of the person in the image.,yes,no,yes,no,right
./Version0_dataset/Qwen_Image_Edit_2509_v0/pillow_right_of_chair_FACE-LEFT.png,pillow,"The pillow is on the floor to the left of the person sitting on the chair. It appears to be positioned near their feet, slightly in front of them.",yes,no,yes,no,behind
./Version0_dataset/Qwen_Image_Edit_2509_v0/scissors_left_of_chair_FACE-RIGHT.png,scissors,"The scissors are on the floor to the left of the person, near the wall and the electrical outlet.",yes,no,yes,no,behind
./Version0_dataset/Qwen_Image_Edit_2509_v0/painting_left_of_chair_FACE-CAMERA.png,painting,"The painting is on the floor to the left of the person sitting on the stool. It appears to be a geometric abstract piece with a mix of colors, including blue, pink, and orange.",no,no,yes,no,right
./Version0_dataset/Qwen_Image_Edit_2509_v0/box_left_of_chair_FACE-LEFT.png,box,"The box is on the floor to the left of the person sitting on the chair. It appears to be partially open and is positioned near the wall, close to an electrical outlet.",no,no,yes,no,front
./Version0_dataset/Qwen_Image_Edit_2509_v0/book_right_of_chair_FACE-LEFT.png,book,The book is on the floor to the right of the person sitting on the chair.,no,no,no,yes,behind
./Version0_dataset/Qwen_Image_Edit_2509_v0/scarf_left_of_chair_FACE-RIGHT.png,scarf,The scarf is on the floor to the left of the person sitting on the chair. It appears to be a maroon or dark red color and has fringes at the bottom.,yes,no,yes,no,behind
./Version0_dataset/Qwen_Image_Edit_2509_v0/bottle-of-mustard_right_of_chair_FACE-LEFT.png,bottle-of-mustard,"The bottle of mustard is on the floor to the right of the person sitting on the chair. It appears to be a small, yellow bottle with a yellow cap, which is likely a condiment bottle such as mustard.",no,no,no,yes,behind
./Version0_dataset/Qwen_Image_Edit_2509_v0/bottle-of-mustard_left_of_chair_FACE-RIGHT.png,bottle-of-mustard,The bottle of mustard is on the floor to the left of the person sitting on the chair. It is positioned near the wall and slightly in front of the electrical outlet.,no,no,yes,no,behind
./Version0_dataset/Qwen_Image_Edit_2509_v0/lemon_right_of_chair_FACE-RIGHT.png,lemon,The lemon is on the floor to the right of the person sitting on the chair.,yes,no,no,yes,front
./Version0_dataset/Qwen_Image_Edit_2509_v0/cup_right_of_chair_FACE-LEFT.png,cup,The cup is on the floor to the right of the person sitting on the chair.,no,no,no,yes,behind
./Version0_dataset/Qwen_Image_Edit_2509_v0/banana_right_of_chair_FACE-CAMERA.png,banana,The banana is on the floor to the right of the person sitting on the stool.,no,no,no,yes,left
./Version0_dataset/Qwen_Image_Edit_2509_v0/water-filter_right_of_chair_FACE-LEFT.png,water-filter,"The water filter is located to the right of the person, on the floor. It appears to be a clear pitcher-style water filter with a white top and a black handle.",yes,no,no,yes,behind
./Version0_dataset/Qwen_Image_Edit_2509_v0/laptop_left_of_chair_FACE-RIGHT.png,laptop,"The laptop is on the floor to the left of the person sitting on the chair. It appears to be an Apple laptop, as indicated by the logo visible on the back of the closed lid.",no,no,yes,no,behind
./Version0_dataset/Qwen_Image_Edit_2509_v0/water-bottle_right_of_chair_FACE-RIGHT.png,water-bottle,"The water bottle is on the floor to the right of the person, near their right foot.",yes,no,no,yes,front
./Version0_dataset/Qwen_Image_Edit_2509_v0/banana_right_of_chair_FACE-LEFT.png,banana,The banana is on the floor to the right of the person sitting on the chair.,yes,no,no,yes,behind
./Version0_dataset/Qwen_Image_Edit_2509_v0/cap_right_of_chair_FACE-LEFT.png,cap,The cap is on the floor to the right of the person sitting on the chair.,no,no,no,yes,behind
./Version0_dataset/Qwen_Image_Edit_2509_v0/toy-cactus_left_of_chair_FACE-CAMERA.png,toy-cactus,"The toy-cactus is on the floor to the left side of the person in the image. It appears to be a small, green, cactus-shaped object.",yes,no,yes,no,right
./Version0_dataset/Qwen_Image_Edit_2509_v0/headphones_right_of_chair_FACE-RIGHT.png,headphones,The headphones are on the floor to the right of the person sitting on the chair.,yes,no,no,yes,front
./Version0_dataset/Qwen_Image_Edit_2509_v0/water-filter_left_of_chair_FACE-CAMERA.png,water-filter,"The water filter is located to the left of the person in the image, on the floor. It appears to be a white pitcher-style water filter.",yes,no,yes,no,right
./Version0_dataset/Qwen_Image_Edit_2509_v0/toy-cactus_right_of_chair_FACE-CAMERA.png,toy-cactus,"The toy-cactus is on the floor to the right side of the person in the image. It appears to be a green, cactus-shaped object lying on its side.",yes,no,no,yes,left
./Version0_dataset/Qwen_Image_Edit_2509_v0/water-bottle_left_of_chair_FACE-LEFT.png,water-bottle,"The water bottle is on the floor to the left of the person sitting on the chair. It appears to be placed near their feet, slightly behind and to the side.",yes,no,yes,no,front
./Version0_dataset/Qwen_Image_Edit_2509_v0/microphone_right_of_chair_FACE-LEFT.png,microphone,"The microphone is on the floor to the right of the person, near the wall. It appears to be a small, handheld microphone with a cord that is plugged into an outlet on the wall.",no,no,no,yes,behind
./Version0_dataset/Qwen_Image_Edit_2509_v0/box_left_of_chair_FACE-RIGHT.png,box,"The box is on the floor to the left of the person sitting on the chair. It appears to be an Amazon box, as indicated by the familiar design and the ""Amazon"" logo on the side.",no,no,yes,no,behind
./Version0_dataset/Qwen_Image_Edit_2509_v0/beer-bottle_right_of_chair_FACE-LEFT.png,beer-bottle,The beer bottle is on the floor to the right of the person sitting on the chair.,no,no,no,yes,behind
./Version0_dataset/Qwen_Image_Edit_2509_v0/scissors_left_of_chair_FACE-LEFT.png,scissors,"The scissors are on the floor to the left of the person, near their feet. They are positioned close to the wall and slightly to the side of the chair.",yes,no,yes,no,front
./Version0_dataset/Qwen_Image_Edit_2509_v0/kettle_right_of_chair_FACE-CAMERA.png,kettle,"The kettle is on the floor to the right of the person in the image. It appears to be a black electric kettle with a spout, placed near the baseboard.",yes,no,no,yes,left
./Version0_dataset/Qwen_Image_Edit_2509_v0/orange_right_of_chair_FACE-CAMERA.png,orange,The orange is on the floor to the right of the person sitting on the stool.,yes,no,no,yes,left
./Version0_dataset/Qwen_Image_Edit_2509_v0/headphones_left_of_chair_FACE-CAMERA.png,headphones,The headphones are on the floor to the left of the person in the image.,yes,no,yes,no,right
./Version0_dataset/Qwen_Image_Edit_2509_v0/pan_left_of_chair_FACE-CAMERA.png,pan,The pan is on the floor to the left side of the person sitting on the stool.,yes,no,yes,no,right
./Version0_dataset/Qwen_Image_Edit_2509_v0/microphone_right_of_chair_FACE-RIGHT.png,microphone,"The microphone is on the floor to the right of the person, near their feet. It appears to be connected to a cable that extends towards the wall.",no,no,no,yes,front
./Version0_dataset/Qwen_Image_Edit_2509_v0/plant_left_of_chair_FACE-CAMERA.png,plant,The plant is on the floor to the left of the person sitting on the stool. It appears to be a small potted plant with green leaves.,yes,no,yes,no,right
./Version0_dataset/Qwen_Image_Edit_2509_v0/banana_left_of_chair_FACE-RIGHT.png,banana,"The banana is on the floor to the left of the person sitting on the chair. It appears to be a ripe banana, as it has brown spots on its peel.",no,no,yes,no,behind
./Version0_dataset/Qwen_Image_Edit_2509_v0/lamp_left_of_chair_FACE-LEFT.png,lamp,"The lamp is to the left of the person in the image, on the floor near the wall. It appears to be a small table lamp with a white shade and a silver base.",no,no,yes,no,front
./Version0_dataset/Qwen_Image_Edit_2509_v0/shoes_left_of_chair_FACE-CAMERA.png,shoes,The shoes are on the floor to the left of the person sitting on the stool.,yes,no,no,no,right
./Version0_dataset/Qwen_Image_Edit_2509_v0/water-filter_right_of_chair_FACE-RIGHT.png,water-filter,"The water filter is located to the right of the person, on the floor near their feet. It appears to be a pitcher-style water filter with a white top and a clear base.",yes,no,no,yes,front
./Version0_dataset/Qwen_Image_Edit_2509_v0/sunglasses_right_of_chair_FACE-CAMERA.png,sunglasses,The sunglasses are on the floor to the right of the person in the image.,no,no,no,yes,left
./Version0_dataset/Qwen_Image_Edit_2509_v0/sunglasses_right_of_chair_FACE-RIGHT.png,sunglasses,"The sunglasses are on the floor to the right of the person, near their feet.",yes,no,no,yes,front
./Version0_dataset/Qwen_Image_Edit_2509_v0/book_left_of_chair_FACE-LEFT.png,book,"The book is on the floor, to the left of the person sitting on the chair. It appears to be placed near their feet.",yes,no,yes,no,front
./Version0_dataset/Qwen_Image_Edit_2509_v0/laptop_right_of_chair_FACE-LEFT.png,laptop,"The laptop is on the floor to the right of the person sitting on the chair. It appears to be closed and is positioned near the wall, slightly away from the person.",no,no,no,yes,behind
./Version0_dataset/Qwen_Image_Edit_2509_v0/knife_right_of_chair_FACE-RIGHT.png,knife,"The knife is on the floor to the right of the person, near their right foot. It appears to be a butter knife or a similar small kitchen knife.",yes,no,no,yes,front
./Version0_dataset/Qwen_Image_Edit_2509_v0/mug_right_of_chair_FACE-LEFT.png,mug,"The mug is on the floor to the right of the person sitting on the chair. It appears to be a white ceramic mug, and it is positioned near the baseboard of the wall.",no,no,no,yes,behind
./Version0_dataset/Qwen_Image_Edit_2509_v0/water-filter_right_of_chair_FACE-CAMERA.png,water-filter,"The water filter is located to the right of the person in the image, on the floor. It appears to be a clear pitcher-style water filter with a white top and handle.",yes,no,no,yes,left
./Version0_dataset/Qwen_Image_Edit_2509_v0/wineglass_right_of_chair_FACE-LEFT.png,wineglass,"The wineglass is on the floor to the right of the person sitting on the chair. It appears to be empty and is placed near the edge of the frame, close to the wall.",no,no,no,yes,behind
./Version0_dataset/Qwen_Image_Edit_2509_v0/pot_left_of_chair_FACE-LEFT.png,pot,"The pot is on the floor to the left of the person sitting on the chair. It appears to be a small black pot with a handle, and it is positioned near the person's feet.",yes,no,yes,no,front
./Version0_dataset/Qwen_Image_Edit_2509_v0/toy-cactus_left_of_chair_FACE-RIGHT.png,toy-cactus,"The toy-cactus is on the floor to the left of the person sitting on the chair. It appears to be positioned near the wall, slightly in front of the electrical outlet.",yes,no,yes,no,behind
./Version0_dataset/Qwen_Image_Edit_2509_v0/bottle_right_of_chair_FACE-CAMERA.png,bottle,The bottle is on the floor to the right of the person sitting on the stool.,yes,no,no,yes,left
./Version0_dataset/Qwen_Image_Edit_2509_v0/bowl_left_of_chair_FACE-CAMERA.png,bowl,The bowl is on the floor to the left of the person sitting on the stool.,yes,no,yes,no,right
./Version0_dataset/Qwen_Image_Edit_2509_v0/ball-of-yarn_left_of_chair_FACE-LEFT.png,ball-of-yarn,"The ball-of-yarn is located on the floor to the left of the person, near their feet. It appears to be a small, round object that resembles a ball of yarn or thread.",yes,no,yes,no,front
./Version0_dataset/Qwen_Image_Edit_2509_v0/blanket_left_of_chair_FACE-RIGHT.png,blanket,"The blanket is on the floor to the left of the person sitting on the chair. It appears to be folded and placed there, possibly for comfort or as part of an exercise setup.",yes,no,yes,no,behind
./Version0_dataset/Qwen_Image_Edit_2509_v0/ball-of-yarn_right_of_chair_FACE-RIGHT.png,ball-of-yarn,"The ball-of-yarn is on the floor to the right of the person sitting on the chair. It appears to be a small, gray object that resembles a ball of yarn or a similar item.",yes,no,no,yes,front
./Version0_dataset/Qwen_Image_Edit_2509_v0/dragonfruit_right_of_chair_FACE-LEFT.png,dragonfruit,"The dragonfruit is on the floor to the right of the person sitting on the chair. It appears to be a small, red, spiky fruit.",yes,no,no,yes,behind
./Version0_dataset/Qwen_Image_Edit_2509_v0/cup_left_of_chair_FACE-LEFT.png,cup,"The cup is on the floor to the left of the person sitting on the chair. It appears to be a disposable paper cup, and it is placed near the person's feet.",yes,no,yes,no,front
./Version0_dataset/Qwen_Image_Edit_2509_v0/scissors_left_of_chair_FACE-CAMERA.png,scissors,The scissors are on the floor to the left of the person sitting on the stool.,yes,no,yes,no,right
./Version0_dataset/Qwen_Image_Edit_2509_v0/beer-bottle_left_of_chair_FACE-RIGHT.png,beer-bottle,"The beer bottle is on the floor to the left of the person sitting on the chair. It appears to be placed near the wall, slightly away from the person and the chair.",no,no,yes,no,behind
./Version0_dataset/Qwen_Image_Edit_2509_v0/plant_left_of_chair_FACE-LEFT.png,plant,"The plant is located on the floor to the left of the person, near their feet. It appears to be a small potted plant with green leaves.",yes,no,yes,no,front
./Version0_dataset/Qwen_Image_Edit_2509_v0/helmet_right_of_chair_FACE-RIGHT.png,helmet,The helmet is on the floor to the right of the person sitting on the chair. It appears to be a white bicycle helmet.,yes,no,no,yes,front
./Version0_dataset/Qwen_Image_Edit_2509_v0/hat_left_of_chair_FACE-RIGHT.png,hat,The hat is on the floor to the left of the person sitting on the chair. It appears to be a black cap with some red detailing on it.,no,no,yes,no,behind
./Version0_dataset/Qwen_Image_Edit_2509_v0/bottle-of-orange-juice_right_of_chair_FACE-RIGHT.png,bottle-of-orange-juice,The bottle of orange juice is on the floor to the right of the person sitting on the chair.,yes,no,no,yes,front
./Version0_dataset/Qwen_Image_Edit_2509_v0/water-bottle_left_of_chair_FACE-RIGHT.png,water-bottle,The water bottle is on the floor to the left of the person sitting on the chair. It is positioned near the wall and slightly in front of the electrical outlet.,no,no,yes,no,behind
./Version0_dataset/Qwen_Image_Edit_2509_v0/sunglasses_right_of_chair_FACE-LEFT.png,sunglasses,The sunglasses are on the floor to the right of the person sitting on the chair.,no,no,no,yes,behind
./Version0_dataset/Qwen_Image_Edit_2509_v0/can_right_of_chair_FACE-RIGHT.png,can,"The can is on the floor to the right of the person, slightly behind their right foot.",yes,no,no,yes,front
./Version0_dataset/Qwen_Image_Edit_2509_v0/microphone_right_of_chair_FACE-CAMERA.png,microphone,"The microphone is on the floor to the right of the person, near the wall. It appears to be a small, handheld microphone with a cord extending from it.",no,no,no,yes,left
./Version0_dataset/Qwen_Image_Edit_2509_v0/pillow_left_of_chair_FACE-CAMERA.png,pillow,The pillow is on the floor to the right of the person sitting on the stool.,yes,no,no,yes,right
./Version0_dataset/Qwen_Image_Edit_2509_v0/oven-mitt_left_of_chair_FACE-CAMERA.png,oven-mitt,"The oven mitt is on the floor to the left of the person sitting on the stool. It appears to be placed there intentionally, possibly as part of the setup for the photo or as an object of interest in the scene.",yes,no,yes,no,right
./Version0_dataset/Qwen_Image_Edit_2509_v0/plant_left_of_chair_FACE-RIGHT.png,plant,The plant is on the floor to the left of the person sitting on the chair. It appears to be a small potted plant with green leaves.,yes,no,yes,no,behind
./Version0_dataset/Qwen_Image_Edit_2509_v0/bowl_right_of_chair_FACE-RIGHT.png,bowl,"The bowl is on the floor to the right of the person, slightly behind their right foot.",no,no,no,yes,front
./Version0_dataset/Qwen_Image_Edit_2509_v0/banana_right_of_chair_FACE-RIGHT.png,banana,"The banana is on the floor to the right of the person sitting on the chair. It appears to be a single, ripe banana lying on its side.",yes,no,no,yes,front
./Version0_dataset/Qwen_Image_Edit_2509_v0/helmet_left_of_chair_FACE-CAMERA.png,helmet,The helmet is on the floor to the left of the person sitting on the stool.,yes,no,yes,no,right
./Version0_dataset/Qwen_Image_Edit_2509_v0/dragonfruit_right_of_chair_FACE-CAMERA.png,dragonfruit,The dragonfruit is on the floor to the right of the person sitting on the stool.,yes,no,no,yes,left
./Version0_dataset/Qwen_Image_Edit_2509_v0/pan_left_of_chair_FACE-LEFT.png,pan,"The pan is on the floor to the left of the person's foot, as seen from the perspective of the person sitting on the chair.",yes,no,yes,no,front
./Version0_dataset/Qwen_Image_Edit_2509_v0/box_right_of_chair_FACE-CAMERA.png,box,The box is on the floor to the right of the person in the image.,yes,no,no,yes,left
./Version0_dataset/Qwen_Image_Edit_2509_v0/cup_left_of_chair_FACE-CAMERA.png,cup,The cup is on the floor to the left of the person sitting on the stool.,no,no,yes,no,right
./Version0_dataset/Qwen_Image_Edit_2509_v0/can_right_of_chair_FACE-LEFT.png,can,"The can is on the floor to the right of the person sitting on the chair. It appears to be a small, cylindrical object with a label that is not clearly visible due to the angle and lighting.",no,no,no,yes,behind
./Version0_dataset/Qwen_Image_Edit_2509_v0/bottle-of-mustard_left_of_chair_FACE-LEFT.png,bottle-of-mustard,"The bottle of mustard is on the floor to the left of the person sitting on the chair. It appears to be a small yellow bottle, likely containing mustard, and it is positioned near the wall.",no,no,yes,no,front
./Version0_dataset/Qwen_Image_Edit_2509_v0/photograph_right_of_chair_FACE-LEFT.png,photograph,"The photograph is on the floor to the right of the person sitting on the chair. It appears to be a framed picture, possibly depicting a black and white image of the Eiffel Tower.",no,no,no,yes,behind
./Version0_dataset/Qwen_Image_Edit_2509_v0/oven-mitt_right_of_chair_FACE-RIGHT.png,oven-mitt,"The oven mitt is on the floor to the right of the person, near their right foot. It appears to be lying flat on the wooden floor.",yes,no,no,yes,front
./Version0_dataset/Qwen_Image_Edit_2509_v0/toilet-roll_right_of_chair_FACE-RIGHT.png,toilet-roll,The toilet roll is on the floor to the right of the person sitting on the chair.,yes,no,no,yes,front
./Version0_dataset/Qwen_Image_Edit_2509_v0/bottle-of-mustard_left_of_chair_FACE-CAMERA.png,bottle-of-mustard,"The bottle of mustard is on the floor to the left of the person sitting on the stool. It is positioned near the wall, close to the electrical outlet.",no,no,yes,no,right
./Version0_dataset/Qwen_Image_Edit_2509_v0/scarf_left_of_chair_FACE-CAMERA.png,scarf,The scarf is on the floor to the left of the person sitting on the stool. It appears to be a dark-colored scarf with fringes at the ends.,yes,no,yes,no,right
./Version0_dataset/Qwen_Image_Edit_2509_v0/knife_right_of_chair_FACE-LEFT.png,knife,"The knife is on the floor to the right of the person, near their right foot.",yes,no,no,yes,behind
./Version0_dataset/Qwen_Image_Edit_2509_v0/bowl_left_of_chair_FACE-RIGHT.png,bowl,"The bowl is on the floor to the left of the person sitting on the stool. It appears to be a small, white bowl placed near the baseboard.",yes,no,yes,no,behind
./Version0_dataset/Qwen_Image_Edit_2509_v0/pot_right_of_chair_FACE-LEFT.png,pot,The pot is on the floor to the right of the person sitting on the chair.,yes,no,no,yes,behind
./Version0_dataset/Qwen_Image_Edit_2509_v0/oven-mitt_left_of_chair_FACE-RIGHT.png,oven-mitt,"The oven mitt is on the floor to the left of the person sitting on the chair. It appears to be placed near the wall, close to the electrical outlet.",no,no,yes,no,behind
./Version0_dataset/Qwen_Image_Edit_2509_v0/orange_right_of_chair_FACE-LEFT.png,orange,The orange is on the floor to the right of the person sitting on the chair.,yes,no,no,yes,behind
./Version0_dataset/Qwen_Image_Edit_2509_v0/pot_right_of_chair_FACE-RIGHT.png,pot,"The pot is on the floor to the right of the person, near their feet.",yes,no,no,yes,front
./Version0_dataset/Qwen_Image_Edit_2509_v0/toy-cactus_right_of_chair_FACE-LEFT.png,toy-cactus,"The toy-cactus is on the floor to the right of the person sitting on the chair. It appears to be positioned near the wall, slightly to the right and further away from the person than the chair.",no,no,no,yes,behind
./Version0_dataset/Qwen_Image_Edit_2509_v0/headphones_right_of_chair_FACE-LEFT.png,headphones,The headphones are on the floor to the right of the person sitting on the chair.,no,no,no,yes,behind
./Version0_dataset/Qwen_Image_Edit_2509_v0/toilet-roll_left_of_chair_FACE-LEFT.png,toilet-roll,"The toilet roll is on the floor to the left of the person sitting on the chair. It is positioned near their feet, closer to the wall and slightly to the side.",yes,no,yes,no,front
./Version0_dataset/Qwen_Image_Edit_2509_v0/spatula_left_of_chair_FACE-CAMERA.png,spatula,The spatula is on the floor to the left of the person sitting on the stool. It appears to be a green kitchen spatula.,no,no,yes,no,right
./Version0_dataset/Qwen_Image_Edit_2509_v0/wineglass_right_of_chair_FACE-CAMERA.png,wineglass,The wineglass is on the floor to the right of the person sitting on the stool.,yes,no,no,yes,left
./Version0_dataset/Qwen_Image_Edit_2509_v0/cap_right_of_chair_FACE-RIGHT.png,cap,The cap is on the floor to the right of the person sitting on the chair.,yes,no,no,yes,front
./Version0_dataset/Qwen_Image_Edit_2509_v0/cup_left_of_chair_FACE-RIGHT.png,cup,"The cup is on the floor to the left of the person sitting on the chair. It appears to be a disposable paper cup, and it is positioned near the baseboard of the wall.",no,no,yes,no,behind
./Version0_dataset/Qwen_Image_Edit_2509_v0/bottle-of-mustard_right_of_chair_FACE-RIGHT.png,bottle-of-mustard,"The bottle of mustard is located on the floor to the right of the person sitting on the chair. It appears to be a small, yellow bottle with a yellow cap, positioned near the baseboard of the wall.",no,no,no,yes,front
./Version0_dataset/Qwen_Image_Edit_2509_v0/book_left_of_chair_FACE-CAMERA.png,book,The book is on the floor to the left of the person sitting on the stool.,no,no,yes,no,right
./Version0_dataset/Qwen_Image_Edit_2509_v0/water-bottle_right_of_chair_FACE-CAMERA.png,water-bottle,The water bottle is on the floor to the right of the person sitting on the stool.,yes,no,no,yes,left
./Version0_dataset/Qwen_Image_Edit_2509_v0/toilet-roll_left_of_chair_FACE-RIGHT.png,toilet-roll,"The toilet roll is on the floor to the left of the person sitting on the chair. It is positioned near the wall and slightly away from the person, closer to the bottom left corner of the image.",yes,no,yes,no,behind
./Version0_dataset/Qwen_Image_Edit_2509_v0/pot_left_of_chair_FACE-CAMERA.png,pot,The pot is on the floor to the left of the person sitting on the stool.,yes,no,yes,no,right
./Version0_dataset/Qwen_Image_Edit_2509_v0/water-filter_left_of_chair_FACE-LEFT.png,water-filter,"The water filter is located on the floor to the left of the person, near their feet. It appears to be a clear plastic container with a white top, which is commonly used for water filtration.",yes,no,yes,no,front
./Version0_dataset/Qwen_Image_Edit_2509_v0/plant_right_of_chair_FACE-CAMERA.png,plant,The plant is on the floor to the right of the person sitting on the stool. It appears to be a small potted plant with green leaves.,yes,no,no,yes,left
./Version0_dataset/Qwen_Image_Edit_2509_v0/photograph_right_of_chair_FACE-CAMERA.png,photograph,"The photograph is on the floor to the right of the person sitting on the stool. It appears to be a framed black-and-white picture, possibly of the Eiffel Tower, given its recognizable silhouette.",no,no,no,yes,left
./Version0_dataset/Qwen_Image_Edit_2509_v0/banana_left_of_chair_FACE-CAMERA.png,banana,The banana is on the floor to the left of the person sitting on the stool.,no,no,yes,no,right
./Version0_dataset/Qwen_Image_Edit_2509_v0/shoes_right_of_chair_FACE-CAMERA.png,shoes,"The shoes are on the floor to the right side of the person in the image. They appear to be brown dress shoes, and they are positioned slightly apart from each other.",yes,no,no,yes,left
./Version0_dataset/Qwen_Image_Edit_2509_v0/pot_right_of_chair_FACE-CAMERA.png,pot,The pot is on the floor to the right of the person sitting on the stool.,no,no,no,yes,left
./Version0_dataset/Qwen_Image_Edit_2509_v0/scissors_right_of_chair_FACE-LEFT.png,scissors,"The scissors are on the floor to the right of the person, near the wall. They are positioned to the side and slightly behind the person's right leg.",no,no,no,yes,behind
./Version0_dataset/Qwen_Image_Edit_2509_v0/mug_right_of_chair_FACE-RIGHT.png,mug,"The mug is on the floor to the right of the person, slightly behind their right foot. It appears to be a white mug with a handle.",yes,no,no,yes,front
./Version0_dataset/Qwen_Image_Edit_2509_v0/orange_right_of_chair_FACE-RIGHT.png,orange,The orange is on the floor to the right of the person sitting on the chair.,yes,no,no,yes,front
./Version0_dataset/Qwen_Image_Edit_2509_v0/shoes_left_of_chair_FACE-RIGHT.png,shoes,"The shoes are on the floor to the left of the person sitting on the chair. They appear to be brown dress shoes, and they are positioned near the wall插座 (outlet).",no,no,no,no,behind
./Version0_dataset/Qwen_Image_Edit_2509_v0/lemon_right_of_chair_FACE-CAMERA.png,lemon,The lemon is on the floor to the right side of the person in the image.,no,no,no,yes,left
./Version0_dataset/Qwen_Image_Edit_2509_v0/pan_left_of_chair_FACE-RIGHT.png,pan,"The pan is on the floor to the left of the person who is sitting on the chair. It appears to be a frying pan with a black handle, lying flat on the wooden floor.",yes,no,yes,no,behind
./Version0_dataset/Qwen_Image_Edit_2509_v0/laptop_left_of_chair_FACE-CAMERA.png,laptop,"The laptop is on the floor to the left of the person in the image. It appears to be an Apple laptop, as indicated by the logo visible on the back of the closed lid.",no,no,yes,no,right
./Version0_dataset/Qwen_Image_Edit_2509_v0/bottle_left_of_chair_FACE-RIGHT.png,bottle,"The bottle is on the floor to the left of the person sitting on the chair. It appears to be a wine bottle, and it is positioned near the wall, slightly away from the person.",no,no,yes,no,behind
./Version0_dataset/Qwen_Image_Edit_2509_v0/toilet-roll_right_of_chair_FACE-CAMERA.png,toilet-roll,The toilet roll is on the floor to the right of the person in the image.,yes,no,no,yes,left
./Version0_dataset/Qwen_Image_Edit_2509_v0/lamp_left_of_chair_FACE-RIGHT.png,lamp,"The lamp is to the left of the person and slightly behind them, as seen from their perspective. It is on the floor next to the wall, near the electrical outlet.",no,no,yes,no,behind
./Version0_dataset/Qwen_Image_Edit_2509_v0/banana_left_of_chair_FACE-LEFT.png,banana,The banana is on the floor to the left of the person's right foot. It appears to be partially under the chair and slightly behind it.,yes,no,yes,no,front
./Version0_dataset/Qwen_Image_Edit_2509_v0/vase_left_of_chair_FACE-LEFT.png,vase,"The vase is located on the floor to the left of the person sitting on the chair. It appears to be a small, decorative item with a speckled pattern.",no,no,yes,no,front
./Version0_dataset/Qwen_Image_Edit_2509_v0/hat_right_of_chair_FACE-LEFT.png,hat,The hat is on the floor to the right of the person sitting on the chair.,yes,no,no,yes,behind
./Version0_dataset/Qwen_Image_Edit_2509_v0/photograph_left_of_chair_FACE-CAMERA.png,photograph,"The photograph is on the floor to the left of the person sitting on the stool. It appears to be a framed black-and-white picture, possibly depicting the Eiffel Tower.",no,no,yes,no,right
./Version0_dataset/Qwen_Image_Edit_2509_v0/vase_right_of_chair_FACE-CAMERA.png,vase,"The vase is located on the floor to the right of the person sitting on the stool. It appears to be a small, decorative item with a patterned design.",yes,no,no,yes,left
./Version0_dataset/Qwen_Image_Edit_2509_v0/photograph_left_of_chair_FACE-LEFT.png,photograph,"The photograph is on the floor to the left of the person sitting on the chair. It appears to be a black-and-white photo of the Eiffel Tower, placed on a piece of paper or mat.",no,no,yes,no,front
./Version0_dataset/Qwen_Image_Edit_2509_v0/cup_right_of_chair_FACE-RIGHT.png,cup,The cup is on the floor to the right of the person sitting on the chair.,yes,no,no,yes,front
./Version0_dataset/Qwen_Image_Edit_2509_v0/can_left_of_chair_FACE-RIGHT.png,can,"The can is on the floor to the left of the person sitting on the chair. It appears to be a small distance away from the person, closer to the wall and slightly to the left side of the frame.",no,no,yes,no,behind
./Version0_dataset/Qwen_Image_Edit_2509_v0/painting_right_of_chair_FACE-LEFT.png,painting,"The painting is on the floor to the right of the person sitting on the chair. It appears to be a colorful geometric design with various shapes and colors, including blue, pink, and orange.",no,no,no,yes,behind
./Version0_dataset/Qwen_Image_Edit_2509_v0/lamp_left_of_chair_FACE-CAMERA.png,lamp,"The lamp is to the left of the person in the image, on the floor near the wall. It has a beige shade and a silver base.",no,yes,yes,no,right
./Version0_dataset/Qwen_Image_Edit_2509_v0/mug_left_of_chair_FACE-CAMERA.png,mug,The mug is on the floor to the left of the person sitting on the stool.,no,no,yes,no,right
./Version0_dataset/Qwen_Image_Edit_2509_v0/oven-mitt_right_of_chair_FACE-LEFT.png,oven-mitt,"The oven mitt is on the floor to the right of the person sitting on the chair. It appears to be out of reach for the person, as they are seated and do not have their hands extended towards it.",no,no,no,yes,behind
./Version0_dataset/Qwen_Image_Edit_2509_v0/pillow_left_of_chair_FACE-LEFT.png,pillow,The pillow is on the floor to the right of the person sitting on the chair.,yes,no,no,yes,front
./Version0_dataset/Qwen_Image_Edit_2509_v0/plate_left_of_chair_FACE-LEFT.png,plate,The plate is on the floor to the left of the person sitting on the chair.,yes,no,yes,no,front
./Version0_dataset/Qwen_Image_Edit_2509_v0/scarf_right_of_chair_FACE-LEFT.png,scarf,The scarf is on the floor to the right of the person sitting on the chair. It appears to be a dark-colored scarf with tassels at the ends.,yes,no,no,yes,behind
./Version0_dataset/Qwen_Image_Edit_2509_v0/bottle-of-orange-juice_right_of_chair_FACE-LEFT.png,bottle-of-orange-juice,"The bottle of orange juice is on the floor to the right of the person sitting on the chair. It is positioned near the wall, slightly away from the person and the chair.",yes,no,no,yes,behind
./Version0_dataset/Qwen_Image_Edit_2509_v0/helmet_left_of_chair_FACE-LEFT.png,helmet,"The helmet is on the floor to the left of the person sitting on the chair. It appears to be a bicycle helmet, and it is positioned near the person's feet.",yes,no,yes,no,front
./Version0_dataset/Qwen_Image_Edit_2509_v0/microphone_left_of_chair_FACE-RIGHT.png,microphone,"The microphone is not visible in the image. It appears to be out of frame or not present in the scene. The person is sitting on a chair, and there is a power strip with a cable on the floor nearby, but no microphone is discernible in the image.",no,no,yes,no,behind
./Version0_dataset/Qwen_Image_Edit_2509_v0/scissors_right_of_chair_FACE-CAMERA.png,scissors,The scissors are on the floor to the right of the person in the image.,no,no,no,yes,left
./Version0_dataset/Qwen_Image_Edit_2509_v0/bottle-of-orange-juice_left_of_chair_FACE-LEFT.png,bottle-of-orange-juice,"The bottle of orange juice is on the floor to the left of the person sitting on the chair. It is positioned near the wall, close to the electrical outlet.",yes,no,yes,no,front
./Version0_dataset/Qwen_Image_Edit_2509_v0/beer-bottle_left_of_chair_FACE-CAMERA.png,beer-bottle,The beer bottle is on the floor to the left of the person sitting on the stool.,no,no,yes,no,right
./Version0_dataset/Qwen_Image_Edit_2509_v0/water-bottle_right_of_chair_FACE-LEFT.png,water-bottle,The water bottle is on the floor to the right of the person sitting on the chair.,yes,no,no,yes,behind
./Version0_dataset/Qwen_Image_Edit_2509_v0/pillow_right_of_chair_FACE-CAMERA.png,pillow,"The pillow is on the floor to the left side of the person in the image. It appears to be a mustard-yellow color and is positioned near the wall, slightly away from the person who is sitting on a small wooden stool.",yes,no,yes,no,left
./Version0_dataset/Qwen_Image_Edit_2509_v0/hat_right_of_chair_FACE-RIGHT.png,hat,The hat is on the floor to the right of the person sitting on the chair.,yes,no,no,yes,front
./Version0_dataset/Qwen_Image_Edit_2509_v0/oven-mitt_right_of_chair_FACE-CAMERA.png,oven-mitt,"The oven mitt is on the floor to the right of the person in the image. It appears to be a black, heat-resistant glove typically used for handling hot items from an oven or stove.",no,no,no,yes,left
./Version0_dataset/Qwen_Image_Edit_2509_v0/wineglass_right_of_chair_FACE-RIGHT.png,wineglass,"The wineglass is on the floor to the right of the person, slightly behind and to the side of their feet. It appears to be empty.",yes,no,no,yes,front
./Version0_dataset/Qwen_Image_Edit_2509_v0/plant_right_of_chair_FACE-RIGHT.png,plant,The plant is on the floor to the right of the person sitting on the chair. It appears to be a small potted plant with green leaves.,yes,no,no,yes,front
./Version0_dataset/Qwen_Image_Edit_2509_v0/bottle-of-orange-juice_right_of_chair_FACE-CAMERA.png,bottle-of-orange-juice,"The bottle of orange juice is located to the right of the person in the image, on the floor. It appears to be a small bottle with an orange cap and label, placed near the wall.",yes,no,no,yes,left
./Version0_dataset/Qwen_Image_Edit_2509_v0/painting_right_of_chair_FACE-CAMERA.png,painting,"The painting is on the floor to the right of the person sitting on the stool. It appears to be a small, colorful geometric piece.",no,no,no,yes,left
./Version0_dataset/Qwen_Image_Edit_2509_v0/microphone_left_of_chair_FACE-LEFT.png,microphone,"The microphone appears to be on the floor, to the left of the person sitting on the chair. It is partially visible and seems to be connected to a device that is also on the floor.",no,yes,yes,no,front
./Version0_dataset/Qwen_Image_Edit_2509_v0/bowl_right_of_chair_FACE-CAMERA.png,bowl,The bowl is on the floor to the right of the person in the image.,yes,no,no,yes,left
./Version0_dataset/Qwen_Image_Edit_2509_v0/remote_right_of_chair_FACE-RIGHT.png,remote,"The remote is on the floor to the right of the person, near their feet.",no,no,no,yes,front
./Version0_dataset/Qwen_Image_Edit_2509_v0/plant_right_of_chair_FACE-LEFT.png,plant,The plant is on the floor to the right of the person sitting on the chair. It appears to be a small potted plant with green leaves.,yes,no,no,yes,behind
./Version0_dataset/Qwen_Image_Edit_2509_v0/wineglass_left_of_chair_FACE-CAMERA.png,wineglass,The wineglass is on the floor to the left of the person sitting on the stool.,yes,no,yes,no,right
./Version0_dataset/Qwen_Image_Edit_2509_v0/lemon_left_of_chair_FACE-RIGHT.png,lemon,The lemon is on the floor to the left of the person sitting on the chair. It is positioned near the wall and slightly in front of the person's feet.,yes,no,yes,no,behind
./Version0_dataset/Qwen_Image_Edit_2509_v0/toy-cactus_right_of_chair_FACE-RIGHT.png,toy-cactus,"The toy-cactus is located on the floor to the right side of the person sitting on the chair. It appears to be positioned near their feet, slightly behind them.",yes,no,no,yes,front
./Version0_dataset/Qwen_Image_Edit_2509_v0/remote_right_of_chair_FACE-LEFT.png,remote,"The remote is on the floor to the right of the person, near their feet.",no,no,no,yes,behind
./Version0_dataset/Qwen_Image_Edit_2509_v0/painting_left_of_chair_FACE-RIGHT.png,painting,"The painting is on the floor to the left of the person sitting on the chair. It appears to be a geometric abstract piece with a mix of colors including blue, pink, and orange.",no,no,yes,no,behind
./Version0_dataset/Qwen_Image_Edit_2509_v0/spatula_right_of_chair_FACE-CAMERA.png,spatula,The spatula is on the floor to the right of the person sitting on the stool.,yes,no,no,yes,left
./Version0_dataset/Qwen_Image_Edit_2509_v0/box_left_of_chair_FACE-CAMERA.png,box,The box is on the floor to the left of the person sitting on the stool.,yes,no,yes,no,right
./Version0_dataset/Qwen_Image_Edit_2509_v0/pan_right_of_chair_FACE-CAMERA.png,pan,The pan is on the floor to the right of the person sitting on the stool.,no,no,no,yes,left
./Version0_dataset/Qwen_Image_Edit_2509_v0/headphones_right_of_chair_FACE-CAMERA.png,headphones,The headphones are on the floor to the right of the person in the image.,no,no,no,yes,left
./Version0_dataset/Qwen_Image_Edit_2509_v0/blanket_left_of_chair_FACE-CAMERA.png,blanket,The blanket is on the floor to the left of the person sitting on the stool.,yes,no,yes,no,right
./Version0_dataset/Qwen_Image_Edit_2509_v0_armchair/beer-bottle_right_of_armchair_FACE-CAMERA.png,beer-bottle,The beer bottle is on the floor to the right of the person sitting in the chair.,no,no,no,yes,left
./Version0_dataset/Qwen_Image_Edit_2509_v0_armchair/tape_left_of_armchair_FACE-CAMERA.png,tape,"The tape is on the floor to the left of the person, near the wall and the electrical outlet.",no,no,yes,no,right
./Version0_dataset/Qwen_Image_Edit_2509_v0_armchair/mug_left_of_armchair_FACE-RIGHT.png,mug,"The mug is on the floor to the left of the person sitting in the chair. It appears to be a gray mug, and it is positioned near the wall and slightly away from the person's feet.",no,no,yes,no,behind
./Version0_dataset/Qwen_Image_Edit_2509_v0_armchair/scarf_left_of_armchair_FACE-CAMERA.png,scarf,The scarf is on the floor to the left of the person sitting in the chair. It appears to be draped over the wooden floor near the wall.,no,no,yes,no,right
./Version0_dataset/Qwen_Image_Edit_2509_v0_armchair/can_left_of_armchair_FACE-RIGHT.png,can,"The can is on the floor to the left of the person, near their feet. It appears to be a beverage can, possibly a soft drink or beer, given its shape and the visible label.",no,no,yes,no,behind
./Version0_dataset/Qwen_Image_Edit_2509_v0_armchair/notepad_right_of_armchair_FACE-CAMERA.png,notepad,The notepad is on the floor to the right of the person sitting in the chair.,yes,no,no,yes,left
./Version0_dataset/Qwen_Image_Edit_2509_v0_armchair/water-bottle_left_of_armchair_FACE-RIGHT.png,water-bottle,"The water bottle is on the floor to the left of the person sitting in the chair. It is positioned near the wall, close to the electrical outlet.",no,no,yes,no,behind
./Version0_dataset/Qwen_Image_Edit_2509_v0_armchair/cap_right_of_armchair_FACE-CAMERA.png,cap,The cap is on the floor to the right of the person sitting in the chair.,no,no,no,yes,left
./Version0_dataset/Qwen_Image_Edit_2509_v0_armchair/pillow_right_of_armchair_FACE-LEFT.png,pillow,"The pillow is on the floor to the right of the person sitting in the chair. It appears to be a mustard-yellow color and is positioned near the edge of the frame, slightly out of reach from the person's perspective.",no,no,no,yes,behind
./Version0_dataset/Qwen_Image_Edit_2509_v0_armchair/headphones_right_of_armchair_FACE-CAMERA.png,headphones,The headphones are on the floor to the right of the person sitting in the chair.,no,no,no,yes,left
./Version0_dataset/Qwen_Image_Edit_2509_v0_armchair/apple_left_of_armchair_FACE-RIGHT.png,apple,"The apple is on the floor to the left of the person sitting in the chair. It appears to be near the wall, close to the electrical outlet.",no,no,yes,no,behind
./Version0_dataset/Qwen_Image_Edit_2509_v0_armchair/plate_left_of_armchair_FACE-LEFT.png,plate,"The plate is on the floor to the left of the person, near their feet. It appears to be a small white plate with some writing or design on it.",no,no,yes,no,front
./Version0_dataset/Qwen_Image_Edit_2509_v0_armchair/sunglasses_right_of_armchair_FACE-LEFT.png,sunglasses,"The sunglasses are on the floor to the right of the person, near the vent.",no,no,no,yes,behind
./Version0_dataset/Qwen_Image_Edit_2509_v0_armchair/bowl_left_of_armchair_FACE-LEFT.png,bowl,"The bowl is on the floor to the left of the person sitting in the chair. It appears to be a small white bowl, and it is positioned near the person's feet.",no,no,yes,no,front
./Version0_dataset/Qwen_Image_Edit_2509_v0_armchair/rose_left_of_armchair_FACE-RIGHT.png,rose,"The rose is on the floor to the left of the person sitting in the chair. It appears to be a single red rose lying near the baseboard, close to the wall.",no,no,yes,no,behind
./Version0_dataset/Qwen_Image_Edit_2509_v0_armchair/scarf_right_of_armchair_FACE-RIGHT.png,scarf,"The scarf is on the floor to the right of the person, near the vent. It appears to be a dark-colored scarf with fringe at one end.",no,no,no,yes,front
./Version0_dataset/Qwen_Image_Edit_2509_v0_armchair/remote_right_of_armchair_FACE-LEFT.png,remote,"The remote is on the floor to the right of the person, near the vent.",no,no,no,yes,behind
./Version0_dataset/Qwen_Image_Edit_2509_v0_armchair/cup_right_of_armchair_FACE-CAMERA.png,cup,The red cup is on the floor to the right of the person sitting in the chair.,no,no,no,yes,left
./Version0_dataset/Qwen_Image_Edit_2509_v0_armchair/beer-bottle_left_of_armchair_FACE-LEFT.png,beer-bottle,"The beer bottle is on the floor to the left of the person, near their feet. It appears to be placed on the wooden floor next to the chair.",yes,no,yes,no,front
./Version0_dataset/Qwen_Image_Edit_2509_v0_armchair/rose_right_of_armchair_FACE-LEFT.png,rose,"The rose is on the floor to the right of the person, near the vent.",no,no,no,yes,behind
./Version0_dataset/Qwen_Image_Edit_2509_v0_armchair/tape_left_of_armchair_FACE-RIGHT.png,tape,"The tape is on the floor to the left of the person, near the wall and the electrical outlet.",no,no,yes,no,behind
./Version0_dataset/Qwen_Image_Edit_2509_v0_armchair/glove_left_of_armchair_FACE-RIGHT.png,glove,"The glove is on the floor to the left of the person, near the wall and the electrical outlet. It appears to be lying flat on the wooden floor.",no,no,yes,no,behind
./Version0_dataset/Qwen_Image_Edit_2509_v0_armchair/sunglasses_left_of_armchair_FACE-RIGHT.png,sunglasses,"The sunglasses are on the floor to the left of the person, near the wall and the power outlet.",no,no,yes,no,behind
./Version0_dataset/Qwen_Image_Edit_2509_v0_armchair/bowl_right_of_armchair_FACE-RIGHT.png,bowl,"The bowl is on the floor to the right of the person, near their feet. It appears to be a white bowl placed on the wooden floor.",yes,no,no,yes,front
./Version0_dataset/Qwen_Image_Edit_2509_v0_armchair/orange_right_of_armchair_FACE-LEFT.png,orange,"The orange is on the floor to the right of the person, near the vent.",no,no,no,yes,behind
./Version0_dataset/Qwen_Image_Edit_2509_v0_armchair/book_left_of_armchair_FACE-LEFT.png,book,"The book is on the floor to the left of the person, partially under their feet. It appears to be lying flat with its spine facing upwards.",no,no,yes,no,front
./Version0_dataset/Qwen_Image_Edit_2509_v0_armchair/cup_right_of_armchair_FACE-LEFT.png,cup,"The cup is on the floor to the right of the person sitting in the chair. It appears to be a red plastic cup, commonly used for beverages like beer or punch.",no,no,no,yes,behind
./Version0_dataset/Qwen_Image_Edit_2509_v0_armchair/pillow_left_of_armchair_FACE-LEFT.png,pillow,The pillow is on the floor to the left of the person sitting in the chair. It appears to be a mustard-yellow color and is positioned near the person's feet.,yes,no,yes,no,front
./Version0_dataset/Qwen_Image_Edit_2509_v0_armchair/laptop_left_of_armchair_FACE-RIGHT.png,laptop,"The laptop is on the floor to the left of the person sitting in the chair. It appears to be an Apple laptop, as indicated by the logo on the lid.",no,no,yes,no,behind
./Version0_dataset/Qwen_Image_Edit_2509_v0_armchair/notepad_right_of_armchair_FACE-LEFT.png,notepad,"The notepad is on the floor to the right of the person, near the vent.",no,no,no,yes,behind
./Version0_dataset/Qwen_Image_Edit_2509_v0_armchair/pillow_right_of_armchair_FACE-RIGHT.png,pillow,"The pillow is on the floor to the right of the person sitting in the chair. It appears to be a mustard-yellow color and is positioned near the edge of the frame, close to the wall.",yes,no,no,yes,front
./Version0_dataset/Qwen_Image_Edit_2509_v0_armchair/bottle_left_of_armchair_FACE-RIGHT.png,bottle,"The bottle is on the floor to the left of the person, near their feet. It appears to be a wine bottle lying on its side.",no,no,yes,no,behind
./Version0_dataset/Qwen_Image_Edit_2509_v0_armchair/notepad_left_of_armchair_FACE-CAMERA.png,notepad,"The notepad is on the floor to the left of the person sitting in the chair. It appears to be placed near the wall, close to the electrical outlet.",no,no,yes,no,right
./Version0_dataset/Qwen_Image_Edit_2509_v0_armchair/plate_left_of_armchair_FACE-RIGHT.png,plate,"The plate is on the floor to the left of the person, closer to the bottom left corner of the image. It appears to be a small white plate with some text or design on it.",no,no,yes,no,behind
./Version0_dataset/Qwen_Image_Edit_2509_v0_armchair/remote_left_of_armchair_FACE-CAMERA.png,remote,The remote is on the floor to the left of the person sitting in the chair.,no,no,yes,no,right
./Version0_dataset/Qwen_Image_Edit_2509_v0_armchair/beer-bottle_left_of_armchair_FACE-RIGHT.png,beer-bottle,"The beer bottle is on the floor to the left of the person sitting in the chair. It appears to be placed near the wall, close to the electrical outlet.",no,no,yes,no,behind
./Version0_dataset/Qwen_Image_Edit_2509_v0_armchair/book_left_of_armchair_FACE-CAMERA.png,book,The book is on the floor to the left of the person sitting in the chair.,no,no,yes,no,right
./Version0_dataset/Qwen_Image_Edit_2509_v0_armchair/wineglass_right_of_armchair_FACE-LEFT.png,wineglass,"The wineglass is on the floor to the right of the person, near the vent. It appears to be empty and is placed close to the wall.",no,no,no,yes,behind
./Version0_dataset/Qwen_Image_Edit_2509_v0_armchair/remote_left_of_armchair_FACE-RIGHT.png,remote,"The remote is on the floor to the left of the person, near their feet.",no,no,yes,no,behind
./Version0_dataset/Qwen_Image_Edit_2509_v0_armchair/glasses_left_of_armchair_FACE-RIGHT.png,glasses,"The glasses are on the floor to the left of the person, near their feet.",no,no,yes,no,behind
./Version0_dataset/Qwen_Image_Edit_2509_v0_armchair/glasses_right_of_armchair_FACE-RIGHT.png,glasses,"The glasses are on the floor to the right of the person, near the vent.",no,no,no,yes,front
./Version0_dataset/Qwen_Image_Edit_2509_v0_armchair/phone_left_of_armchair_FACE-CAMERA.png,phone,The phone is on the floor to the left of the person sitting in the chair.,no,no,yes,no,right
./Version0_dataset/Qwen_Image_Edit_2509_v0_armchair/yarn_left_of_armchair_FACE-LEFT.png,yarn,"The yarn is on the floor to the left of the person, near their feet. It appears to be a skein of gray yarn.",yes,no,yes,no,front
./Version0_dataset/Qwen_Image_Edit_2509_v0_armchair/orange_right_of_armchair_FACE-CAMERA.png,orange,The orange is on the floor to the right of the person sitting in the chair.,no,no,no,yes,left
./Version0_dataset/Qwen_Image_Edit_2509_v0_armchair/water-bottle_left_of_armchair_FACE-CAMERA.png,water-bottle,The water bottle is on the floor to the left of the person sitting in the chair.,no,no,yes,no,right
./Version0_dataset/Qwen_Image_Edit_2509_v0_armchair/glass_right_of_armchair_FACE-CAMERA.png,glass,The glass is on the floor to the right of the person sitting in the chair.,no,no,no,yes,left
./Version0_dataset/Qwen_Image_Edit_2509_v0_armchair/sunglasses_right_of_armchair_FACE-CAMERA.png,sunglasses,"The sunglasses are on the floor to the right of the person, near the vent.",no,no,no,yes,left
./Version0_dataset/Qwen_Image_Edit_2509_v0_armchair/glasses_right_of_armchair_FACE-CAMERA.png,glasses,"The glasses are on the floor to the right of the person, near the vent.",no,no,no,yes,left
./Version0_dataset/Qwen_Image_Edit_2509_v0_armchair/glass_left_of_armchair_FACE-CAMERA.png,glass,The glass is on the floor to the left of the person sitting in the chair.,no,no,yes,no,right
./Version0_dataset/Qwen_Image_Edit_2509_v0_armchair/plate_right_of_armchair_FACE-CAMERA.png,plate,The plate is on the floor to the right of the person sitting in the chair.,yes,no,no,yes,left
./Version0_dataset/Qwen_Image_Edit_2509_v0_armchair/laptop_right_of_armchair_FACE-CAMERA.png,laptop,The laptop is on the floor to the right of the person sitting in the chair.,no,no,no,yes,left
./Version0_dataset/Qwen_Image_Edit_2509_v0_armchair/cap_left_of_armchair_FACE-RIGHT.png,cap,"The cap is on the floor to the left of the person, near their feet. It appears to be a red baseball cap with a white logo on it.",no,no,yes,no,behind
./Version0_dataset/Qwen_Image_Edit_2509_v0_armchair/remote_right_of_armchair_FACE-CAMERA.png,remote,"The remote is on the floor to the right of the person, near the vent.",no,no,no,yes,left
./Version0_dataset/Qwen_Image_Edit_2509_v0_armchair/apple_right_of_armchair_FACE-LEFT.png,apple,"The apple is on the floor to the right of the person, near the vent.",no,no,no,yes,behind
./Version0_dataset/Qwen_Image_Edit_2509_v0_armchair/yarn_right_of_armchair_FACE-LEFT.png,yarn,"The yarn is on the floor to the right of the person, near the vent.",no,no,no,yes,behind
./Version0_dataset/Qwen_Image_Edit_2509_v0_armchair/soda-can_left_of_armchair_FACE-LEFT.png,soda-can,"The soda can is on the floor to the left of the person, near their feet.",no,no,yes,no,front
./Version0_dataset/Qwen_Image_Edit_2509_v0_armchair/laptop_right_of_armchair_FACE-LEFT.png,laptop,"The laptop is on the floor to the right of the person, slightly behind and to the side. It appears to be closed and is positioned near the baseboard.",no,no,no,yes,behind
./Version0_dataset/Qwen_Image_Edit_2509_v0_armchair/mug_right_of_armchair_FACE-LEFT.png,mug,"The mug is on the floor to the right of the person sitting in the chair. It appears to be a light blue mug with a dark interior, placed near the baseboard.",no,no,no,yes,behind
./Version0_dataset/Qwen_Image_Edit_2509_v0_armchair/yarn_right_of_armchair_FACE-CAMERA.png,yarn,"The yarn is on the floor to the right of the person sitting in the chair. It appears to be a ball of yarn, likely used for knitting or crocheting.",yes,no,no,yes,left
./Version0_dataset/Qwen_Image_Edit_2509_v0_armchair/bowl_right_of_armchair_FACE-CAMERA.png,bowl,The bowl is on the floor to the right of the person sitting in the chair.,no,no,no,yes,left
./Version0_dataset/Qwen_Image_Edit_2509_v0_armchair/bottle_left_of_armchair_FACE-CAMERA.png,bottle,The bottle is on the floor to the left of the person sitting in the chair.,no,no,yes,no,right
./Version0_dataset/Qwen_Image_Edit_2509_v0_armchair/pan_right_of_armchair_FACE-LEFT.png,pan,"The pan is on the floor to the right of the person sitting in the chair. It appears to be a frying pan with a handle, and it is lying flat on the wooden floor.",no,no,no,yes,behind
./Version0_dataset/Qwen_Image_Edit_2509_v0_armchair/mug_left_of_armchair_FACE-LEFT.png,mug,The mug is on the floor to the left of the person sitting in the chair. It appears to be a light blue or gray color and is placed near the person's feet.,yes,no,yes,no,front
./Version0_dataset/Qwen_Image_Edit_2509_v0_armchair/bottle_right_of_armchair_FACE-RIGHT.png,bottle,"The bottle is on the floor to the right of the person, near their feet. It appears to be a wine bottle, and it is lying on its side.",no,no,no,yes,front
./Version0_dataset/Qwen_Image_Edit_2509_v0_armchair/cap_left_of_armchair_FACE-LEFT.png,cap,"The cap is not visible in the image. The person in the image is sitting on a chair, and there is no cap present in the scene.",no,no,no,no,front
./Version0_dataset/Qwen_Image_Edit_2509_v0_armchair/sunglasses_left_of_armchair_FACE-CAMERA.png,sunglasses,The sunglasses are on the floor to the left of the person sitting in the chair.,no,no,yes,no,right
./Version0_dataset/Qwen_Image_Edit_2509_v0_armchair/pillow_right_of_armchair_FACE-CAMERA.png,pillow,The pillow is on the floor to the right of the person sitting in the chair.,yes,no,no,yes,left
./Version0_dataset/Qwen_Image_Edit_2509_v0_armchair/plate_right_of_armchair_FACE-LEFT.png,plate,"The plate is on the floor to the right of the person, near the bottom right corner of the image. It appears to be a white plate with some text or design on it, but the specific details of the text are not clear from this angle.",no,no,no,yes,behind
./Version0_dataset/Qwen_Image_Edit_2509_v0_armchair/bread_right_of_armchair_FACE-CAMERA.png,bread,"The bread is on the floor to the right of the person sitting in the chair. It appears to be a loaf of bread wrapped in plastic, lying next to a vent on the wooden floor.",no,no,no,yes,left
./Version0_dataset/Qwen_Image_Edit_2509_v0_armchair/cup_left_of_armchair_FACE-CAMERA.png,cup,The red cup is on the floor to the left of the person sitting in the chair.,no,no,yes,no,right
./Version0_dataset/Qwen_Image_Edit_2509_v0_armchair/beer-bottle_right_of_armchair_FACE-LEFT.png,beer-bottle,"The beer bottle is on the floor to the right of the person sitting in the chair. It appears to be placed near the baseboard, slightly away from the wall.",no,no,no,yes,behind
./Version0_dataset/Qwen_Image_Edit_2509_v0_armchair/orange_left_of_armchair_FACE-RIGHT.png,orange,"The orange is on the floor to the left of the person, near the wall and the electrical outlet.",no,no,yes,no,behind
./Version0_dataset/Qwen_Image_Edit_2509_v0_armchair/scarf_right_of_armchair_FACE-LEFT.png,scarf,"The scarf is on the floor to the right of the person sitting in the chair. It appears to be a dark-colored scarf, possibly purple or maroon, and it is lying next to a vent on the wooden floor.",no,no,no,yes,behind
./Version0_dataset/Qwen_Image_Edit_2509_v0_armchair/glass_left_of_armchair_FACE-LEFT.png,glass,"The glass is on the floor to the left of the person sitting in the chair. It appears to be an empty glass, and it is placed near the wall, close to the electrical outlet.",no,no,yes,no,front
./Version0_dataset/Qwen_Image_Edit_2509_v0_armchair/bowl_left_of_armchair_FACE-RIGHT.png,bowl,"The bowl is on the floor to the left of the person sitting in the chair. It appears to be a small, white bowl placed near the baseboard.",no,no,yes,no,behind
./Version0_dataset/Qwen_Image_Edit_2509_v0_armchair/glove_right_of_armchair_FACE-CAMERA.png,glove,"The glove is on the floor to the right of the person sitting in the chair. It appears to be a single glove, not a pair, and it is lying flat on the wooden floor.",no,no,no,no,left
./Version0_dataset/Qwen_Image_Edit_2509_v0_armchair/bottle_right_of_armchair_FACE-CAMERA.png,bottle,The bottle is on the floor to the right of the person sitting in the chair.,no,no,no,yes,left
./Version0_dataset/Qwen_Image_Edit_2509_v0_armchair/scarf_right_of_armchair_FACE-CAMERA.png,scarf,"The scarf is on the floor to the right of the person sitting in the chair. It appears to be a dark-colored scarf, possibly purple or maroon, and it is lying on the wooden floor near the baseboard.",no,no,no,yes,left
./Version0_dataset/Qwen_Image_Edit_2509_v0_armchair/bottle_right_of_armchair_FACE-LEFT.png,bottle,"The bottle is on the floor to the right of the person, near the vent.",no,no,no,yes,behind
./Version0_dataset/Qwen_Image_Edit_2509_v0_armchair/beer-bottle_right_of_armchair_FACE-RIGHT.png,beer-bottle,"The beer bottle is on the floor to the right of the person, near the vent. It is positioned slightly behind and to the side of the person's right leg.",yes,no,no,yes,front
./Version0_dataset/Qwen_Image_Edit_2509_v0_armchair/soda-can_left_of_armchair_FACE-RIGHT.png,soda-can,"The soda can is on the floor to the left of the person, closer to the bottom left corner of the image. It appears to be placed near the wall and slightly away from the chair where the person is sitting.",no,no,yes,no,behind
./Version0_dataset/Qwen_Image_Edit_2509_v0_armchair/cup_right_of_armchair_FACE-RIGHT.png,cup,"The cup is on the floor to the right of the person, near their feet. It appears to be a red plastic cup, commonly used for casual drinks like soda or beer.",no,no,no,yes,front
./Version0_dataset/Qwen_Image_Edit_2509_v0_armchair/apple_right_of_armchair_FACE-CAMERA.png,apple,The apple is on the floor to the right of the person sitting in the chair.,no,no,no,yes,left
./Version0_dataset/Qwen_Image_Edit_2509_v0_armchair/glove_right_of_armchair_FACE-LEFT.png,glove,"The glove is on the floor to the right of the person, near the vent. It appears to be a gray glove lying flat on the wooden floor.",no,no,no,yes,behind
./Version0_dataset/Qwen_Image_Edit_2509_v0_armchair/pan_left_of_armchair_FACE-CAMERA.png,pan,The pan is on the floor to the left of the person sitting in the chair.,no,no,yes,no,right
./Version0_dataset/Qwen_Image_Edit_2509_v0_armchair/wineglass_left_of_armchair_FACE-CAMERA.png,wineglass,The wineglass is on the floor to the left of the person sitting in the chair.,no,no,yes,no,right
./Version0_dataset/Qwen_Image_Edit_2509_v0_armchair/can_right_of_armchair_FACE-CAMERA.png,can,"The can is on the floor to the right of the person, near the vent.",no,no,no,yes,left
./Version0_dataset/Qwen_Image_Edit_2509_v0_armchair/book_right_of_armchair_FACE-CAMERA.png,book,The book is on the floor to the right of the person sitting in the chair.,no,no,no,yes,left
./Version0_dataset/Qwen_Image_Edit_2509_v0_armchair/can_right_of_armchair_FACE-RIGHT.png,can,"The can is on the floor to the right of the person, near the vent.",no,no,no,yes,front
./Version0_dataset/Qwen_Image_Edit_2509_v0_armchair/water-bottle_right_of_armchair_FACE-LEFT.png,water-bottle,"The water bottle is on the floor to the right of the person, near the vent.",yes,no,no,yes,behind
./Version0_dataset/Qwen_Image_Edit_2509_v0_armchair/mug_right_of_armchair_FACE-CAMERA.png,mug,"The mug is on the floor to the right of the person sitting in the chair. It appears to be a small, light-colored mug with a blue interior.",no,no,no,yes,left
./Version0_dataset/Qwen_Image_Edit_2509_v0_armchair/cup_left_of_armchair_FACE-LEFT.png,cup,"The cup is on the floor to the left of the person, near their feet.",no,no,yes,no,front
./Version0_dataset/Qwen_Image_Edit_2509_v0_armchair/book_right_of_armchair_FACE-RIGHT.png,book,"The book is on the floor to the right of the person, near their feet. It appears to be lying flat on the wooden floor.",no,no,no,yes,front
./Version0_dataset/Qwen_Image_Edit_2509_v0_armchair/book_left_of_armchair_FACE-RIGHT.png,book,"The book is on the floor to the left of the person sitting in the chair. It appears to be placed near the wall, close to the electrical outlet.",no,no,yes,no,behind
./Version0_dataset/Qwen_Image_Edit_2509_v0_armchair/tape_right_of_armchair_FACE-LEFT.png,tape,"The tape is on the floor to the right of the person, near the vent.",no,no,no,yes,behind
./Version0_dataset/Qwen_Image_Edit_2509_v0_armchair/bread_left_of_armchair_FACE-RIGHT.png,bread,"The bread is on the floor to the left of the person, near the wall and the electrical outlet. It appears to be wrapped in plastic.",no,no,yes,no,behind
./Version0_dataset/Qwen_Image_Edit_2509_v0_armchair/bowl_left_of_armchair_FACE-CAMERA.png,bowl,The bowl is on the floor to the left of the person sitting in the chair.,no,no,yes,no,right
./Version0_dataset/Qwen_Image_Edit_2509_v0_armchair/mug_left_of_armchair_FACE-CAMERA.png,mug,The mug is on the floor to the left of the person sitting in the chair.,no,no,yes,no,right
./Version0_dataset/Qwen_Image_Edit_2509_v0_armchair/rose_right_of_armchair_FACE-CAMERA.png,rose,"The rose is on the floor to the right of the person sitting in the chair. It appears to be a red rose, and it is lying next to what looks like a small green object, possibly a toy or a piece of decorative item.",no,no,no,yes,left
./Version0_dataset/Qwen_Image_Edit_2509_v0_armchair/yarn_left_of_armchair_FACE-CAMERA.png,yarn,"The yarn is on the floor to the left of the person sitting in the chair. It appears to be a ball of gray yarn, and it is positioned near the wall and the electrical outlet.",yes,no,yes,no,right
./Version0_dataset/Qwen_Image_Edit_2509_v0_armchair/soda-can_left_of_armchair_FACE-CAMERA.png,soda-can,The soda can is on the floor to the left of the person sitting in the chair.,no,no,yes,no,right
./Version0_dataset/Qwen_Image_Edit_2509_v0_armchair/can_right_of_armchair_FACE-LEFT.png,can,"The can is on the floor to the right of the person, near the vent.",no,no,no,yes,behind
./Version0_dataset/Qwen_Image_Edit_2509_v0_armchair/pan_right_of_armchair_FACE-CAMERA.png,pan,"The pan is on the floor to the right of the person sitting in the chair. It appears to be a small, black frying pan with a handle.",yes,no,no,yes,left
./Version0_dataset/Qwen_Image_Edit_2509_v0_armchair/pan_left_of_armchair_FACE-RIGHT.png,pan,The pan is on the floor to the left of the person sitting in the chair. It appears to be a black frying pan or skillet.,no,no,yes,no,behind
./Version0_dataset/Qwen_Image_Edit_2509_v0_armchair/water-bottle_right_of_armchair_FACE-RIGHT.png,water-bottle,"The water bottle is on the floor to the right of the person, near the vent.",no,no,no,yes,front
./Version0_dataset/Qwen_Image_Edit_2509_v0_armchair/wineglass_right_of_armchair_FACE-CAMERA.png,wineglass,"The wineglass is on the floor to the right of the person, near the vent.",no,no,no,yes,left
./Version0_dataset/Qwen_Image_Edit_2509_v0_armchair/apple_left_of_armchair_FACE-CAMERA.png,apple,The apple is on the floor to the left of the person sitting in the chair.,no,no,yes,no,right
./Version0_dataset/Qwen_Image_Edit_2509_v0_armchair/bread_right_of_armchair_FACE-RIGHT.png,bread,"The bread is on the floor to the right of the person, near their feet. It appears to be wrapped in plastic and placed next to a vent.",no,no,no,yes,front
./Version0_dataset/Qwen_Image_Edit_2509_v0_armchair/rose_right_of_armchair_FACE-RIGHT.png,rose,"The rose is on the floor to the right of the person, near the vent. It appears to be lying down and is partially obscured by the person's foot.",no,no,no,yes,front
./Version0_dataset/Qwen_Image_Edit_2509_v0_armchair/phone_right_of_armchair_FACE-CAMERA.png,phone,"The phone is on the floor to the right of the person, near the vent.",no,no,no,yes,left
./Version0_dataset/Qwen_Image_Edit_2509_v0_armchair/notepad_left_of_armchair_FACE-RIGHT.png,notepad,"The notepad is on the floor to the left of the chair, near the wall. It appears to be placed on the wooden floor.",no,no,yes,no,behind
./Version0_dataset/Qwen_Image_Edit_2509_v0_armchair/bread_left_of_armchair_FACE-LEFT.png,bread,The bread is on the floor to the left of the person sitting in the chair. It appears to be wrapped in plastic and placed near the wall.,yes,no,yes,no,front
./Version0_dataset/Qwen_Image_Edit_2509_v0_armchair/laptop_right_of_armchair_FACE-RIGHT.png,laptop,"The laptop is on the floor to the right of the person, partially under their feet. It appears to be an Apple laptop based on the logo visible on the back of the screen.",no,no,no,yes,front
./Version0_dataset/Qwen_Image_Edit_2509_v0_armchair/soda-can_right_of_armchair_FACE-RIGHT.png,soda-can,"The soda can is on the floor to the right of the person, near the vent. It appears to be a red can with a white label, which could suggest it's a Coca-Cola or similar brand.",no,no,no,yes,front
./Version0_dataset/Qwen_Image_Edit_2509_v0_armchair/headphones_left_of_armchair_FACE-RIGHT.png,headphones,The headphones are on the floor to the left of the person sitting in the chair.,no,no,yes,no,behind
./Version0_dataset/Qwen_Image_Edit_2509_v0_armchair/phone_left_of_armchair_FACE-RIGHT.png,phone,"The phone is on the floor to the left of the person, near the wall and the power outlet. It appears to be lying flat on the wooden floor.",no,no,no,no,behind
./Version0_dataset/Qwen_Image_Edit_2509_v0_armchair/rose_left_of_armchair_FACE-CAMERA.png,rose,"The rose is on the floor to the left of the person sitting in the chair. It appears to be a single red rose lying near the wall, close to the electrical outlet.",no,no,yes,no,right
./Version0_dataset/Qwen_Image_Edit_2509_v0_armchair/phone_right_of_armchair_FACE-LEFT.png,phone,"The phone is on the floor to the right of the person, near the vent.",no,no,no,yes,behind
./Version0_dataset/Qwen_Image_Edit_2509_v0_armchair/cap_right_of_armchair_FACE-RIGHT.png,cap,"The cap is on the floor to the right of the person, near the vent.",no,no,no,yes,front
./Version0_dataset/Qwen_Image_Edit_2509_v0_armchair/laptop_left_of_armchair_FACE-CAMERA.png,laptop,The laptop is on the floor to the left of the person sitting in the chair.,no,no,yes,no,right
./Version0_dataset/Qwen_Image_Edit_2509_v0_armchair/scarf_left_of_armchair_FACE-RIGHT.png,scarf,"The scarf is on the floor to the left of the person, near the wall and the electrical outlet. It appears to be lying flat on the wooden floor.",no,no,yes,no,behind
./Version0_dataset/Qwen_Image_Edit_2509_v0_armchair/glove_left_of_armchair_FACE-CAMERA.png,glove,"The glove is on the floor to the left of the person sitting in the chair. It appears to be a single glove, not a pair, and it is lying flat on the wooden floor.",no,no,yes,no,right
./Version0_dataset/Qwen_Image_Edit_2509_v0_armchair/mug_right_of_armchair_FACE-RIGHT.png,mug,"The mug is on the floor to the right of the person, near their right foot. It appears to be a light blue or gray mug with a handle.",no,no,no,yes,front
./Version0_dataset/Qwen_Image_Edit_2509_v0_armchair/glasses_left_of_armchair_FACE-CAMERA.png,glasses,The glasses are on the floor to the left of the person sitting in the chair.,no,no,no,no,right
./Version0_dataset/Qwen_Image_Edit_2509_v0_armchair/plate_right_of_armchair_FACE-RIGHT.png,plate,"The plate is on the floor to the right of the person, near their feet. It appears to be a white plate with some text or design on it, but the specific details of the text are not clear from this angle.",yes,no,no,yes,front
./Version0_dataset/Qwen_Image_Edit_2509_v0_armchair/headphones_left_of_armchair_FACE-CAMERA.png,headphones,The headphones are on the floor to the left of the person sitting in the chair.,no,no,yes,no,right
./Version0_dataset/Qwen_Image_Edit_2509_v0_armchair/orange_left_of_armchair_FACE-CAMERA.png,orange,The orange is on the floor to the left of the person sitting in the chair.,no,no,yes,no,right
./Version0_dataset/Qwen_Image_Edit_2509_v0_armchair/cap_left_of_armchair_FACE-CAMERA.png,cap,The cap is on the floor to the left of the person sitting in the chair.,no,no,yes,no,right
./Version0_dataset/Qwen_Image_Edit_2509_v0_armchair/bread_left_of_armchair_FACE-CAMERA.png,bread,The bread is on the floor to the left of the person sitting in the chair. It appears to be wrapped in plastic and placed near the wall.,no,no,yes,no,right
./Version0_dataset/Qwen_Image_Edit_2509_v0_armchair/wineglass_left_of_armchair_FACE-LEFT.png,wineglass,"The wineglass is on the floor to the left of the person, near their feet.",no,no,yes,no,front
./Version0_dataset/Qwen_Image_Edit_2509_v0_armchair/wineglass_left_of_armchair_FACE-RIGHT.png,wineglass,"The wineglass is on the floor to the left of the person sitting in the chair. It appears to be empty and is placed near the wall, close to the electrical outlet.",no,no,yes,no,behind
./Version0_dataset/Qwen_Image_Edit_2509_v0_armchair/pillow_left_of_armchair_FACE-CAMERA.png,pillow,The pillow is on the floor to the left of the person sitting in the chair.,no,no,yes,no,right
./Version0_dataset/Qwen_Image_Edit_2509_v0_armchair/notepad_right_of_armchair_FACE-RIGHT.png,notepad,"The notepad is on the floor to the right of the person, near the vent.",yes,no,no,yes,front
./Version0_dataset/Qwen_Image_Edit_2509_v0_armchair/book_right_of_armchair_FACE-LEFT.png,book,"The book is on the floor to the right of the person, near the vent.",no,no,no,yes,behind
./Version0_dataset/Qwen_Image_Edit_2509_v0_armchair/tape_right_of_armchair_FACE-CAMERA.png,tape,"The tape appears to be on the floor to the right of the person, near the vent. It looks like it might have been placed there intentionally or accidentally.",no,no,no,yes,left
./Version0_dataset/Qwen_Image_Edit_2509_v0_armchair/can_left_of_armchair_FACE-CAMERA.png,can,The can is on the floor to the left of the person sitting in the chair.,no,no,yes,no,right
./Version0_dataset/Qwen_Image_Edit_2509_v0_armchair/sunglasses_right_of_armchair_FACE-RIGHT.png,sunglasses,"The sunglasses are on the floor to the right of the person, near the vent. They appear to be lying flat on the wooden floor.",no,no,no,yes,front
./Version0_dataset/Qwen_Image_Edit_2509_v0_armchair/bowl_right_of_armchair_FACE-LEFT.png,bowl,The bowl is on the floor to the right of the person sitting in the chair.,no,no,no,yes,behind
./Version0_dataset/Qwen_Image_Edit_2509_v0_armchair/yarn_left_of_armchair_FACE-RIGHT.png,yarn,"The yarn is on the floor to the left of the person, near the wall and the electrical outlet.",yes,no,yes,no,behind
./Version0_dataset/Qwen_Image_Edit_2509_v0_armchair/can_left_of_armchair_FACE-LEFT.png,can,"The can is on the floor to the left of the person, near their feet. It appears to be a red can with a white label, possibly a beverage can.",no,no,yes,no,front
./Version0_dataset/Qwen_Image_Edit_2509_v0_armchair/laptop_left_of_armchair_FACE-LEFT.png,laptop,"The laptop is on the floor to the left of the person, partially under their right leg. It appears to be an open laptop, and the person's foot is resting on it.",no,no,yes,no,front
./Version0_dataset/Qwen_Image_Edit_2509_v0_armchair/water-bottle_right_of_armchair_FACE-CAMERA.png,water-bottle,"The water bottle is on the floor to the right of the person sitting in the chair. It is placed near the baseboard, close to the wall.",no,no,no,yes,left
./Version0_dataset/Qwen_Image_Edit_2509_v0_armchair/water-bottle_left_of_armchair_FACE-LEFT.png,water-bottle,"The water bottle is on the floor to the left of the person, near their feet.",yes,no,yes,no,front
./Version0_dataset/Qwen_Image_Edit_2509_v0_armchair/cap_right_of_armchair_FACE-LEFT.png,cap,"The cap is on the floor to the right of the person, near the vent.",no,no,no,yes,behind
./Version0_dataset/Qwen_Image_Edit_2509_v0_armchair/plate_left_of_armchair_FACE-CAMERA.png,plate,The plate is on the floor to the left of the person sitting in the chair.,no,no,yes,no,right
./Version0_dataset/Qwen_Image_Edit_2509_v0_armchair/headphones_right_of_armchair_FACE-LEFT.png,headphones,The headphones are on the floor to the right of the person sitting in the chair.,no,no,no,yes,behind
./Version0_dataset/Qwen_Image_Edit_2509_v0_armchair/yarn_right_of_armchair_FACE-RIGHT.png,yarn,"The yarn is on the floor to the right of the person, near their feet. It appears to be a skein of gray yarn.",yes,no,no,yes,front
./Version0_dataset/Qwen_Image_Edit_2509_v0_armchair/beer-bottle_left_of_armchair_FACE-CAMERA.png,beer-bottle,The beer bottle is on the floor to the left of the person sitting in the chair.,no,no,yes,no,right
./Version0_dataset/Qwen_Image_Edit_2509_v0_armchair/cup_left_of_armchair_FACE-RIGHT.png,cup,"The cup is on the floor to the left of the person sitting in the chair. It appears to be a red plastic cup, and it is positioned near the wall and slightly away from the person.",no,no,yes,no,behind
./Version0_dataset/Qwen_Image_Edit_2509_v0_armchair/glasses_right_of_armchair_FACE-LEFT.png,glasses,"The glasses are on the floor to the right of the person, near the vent.",no,no,no,yes,behind
./Version0_dataset/Qwen_Image_Edit_2509_v0_armchair/bread_right_of_armchair_FACE-LEFT.png,bread,"The bread is on the floor to the right of the person sitting in the chair. It appears to be wrapped in plastic, and there is a yellow label on the package.",yes,no,no,yes,behind
./Version0_dataset/Qwen_Image_Edit_2509_v0_armchair/pillow_left_of_armchair_FACE-RIGHT.png,pillow,"The pillow is on the floor to the left of the person sitting in the chair. It appears to be a mustard-yellow color and is positioned near the wall, close to the electrical outlet.",no,no,yes,no,behind
./Version0_dataset/Qwen_Image_Edit_2509_v0_armchair/glass_left_of_armchair_FACE-RIGHT.png,glass,"The glass is on the floor to the left of the person, near the wall and the electrical outlet.",no,no,yes,no,behind
./Version0_dataset/Qwen_Image_Edit_2509_v0_table/plate_left_of_table_FACE-RIGHT.png,plate,"The plate is on the floor to the left of the person in the image. It appears to be a white plate, and it is positioned near the bottom left corner of the frame.",no,no,yes,no,behind
./Version0_dataset/Qwen_Image_Edit_2509_v0_table/bottle_left_of_table_FACE-CAMERA.png,bottle,"The bottle is on the floor to the left side of the person in the image. It appears to be a wine bottle, and it is positioned near the wall, slightly away from the person.",no,no,yes,no,right
./Version0_dataset/Qwen_Image_Edit_2509_v0_table/kettle_left_of_table_FACE-LEFT.png,kettle,"The kettle is on the floor to the left of the person in the image. It appears to be a black electric kettle with a spout, placed near the wall and slightly away from the person's feet.",no,no,yes,no,front
./Version0_dataset/Qwen_Image_Edit_2509_v0_table/orange_right_of_table_FACE-CAMERA.png,orange,"The orange is on the floor to the right side of the person in the image. It appears to be a small, round object that stands out against the light-colored wooden floor.",no,no,no,yes,left
./Version0_dataset/Qwen_Image_Edit_2509_v0_table/bottle_right_of_table_FACE-LEFT.png,bottle,The bottle is on the floor to the right of the person in the image. It appears to be a wine bottle with a label that includes some text and possibly an illustration or design.,no,no,no,yes,behind
./Version0_dataset/Qwen_Image_Edit_2509_v0_table/knife_right_of_table_FACE-RIGHT.png,knife,"The knife is on the floor to the right of the person in the image, near their right foot.",no,no,no,yes,front
./Version0_dataset/Qwen_Image_Edit_2509_v0_table/bottle_right_of_table_FACE-RIGHT.png,bottle,"The bottle is on the floor to the right of the person in the image. It appears to be a small bottle, possibly a wine or beer bottle, and it is positioned near the bottom right corner of the frame.",no,no,no,yes,front
./Version0_dataset/Qwen_Image_Edit_2509_v0_table/cup_left_of_table_FACE-RIGHT.png,cup,"The cup is on the floor to the left of the person in the image. It appears to be a disposable paper cup, and it is positioned near the bottom left corner of the frame.",no,no,yes,no,behind
./Version0_dataset/Qwen_Image_Edit_2509_v0_table/chair2_left_of_table_FACE-CAMERA.png,chair2,"In the image, there is only one chair visible on the left side of the person standing. There is no second chair (chair2) present in the view.",no,no,yes,no,right
./Version0_dataset/Qwen_Image_Edit_2509_v0_table/pillow_right_of_table_FACE-LEFT.png,pillow,The pillow is on the floor to the right of the person in the image. It appears to be a mustard-yellow color and is lying flat on the wooden floor.,no,no,no,yes,behind
./Version0_dataset/Qwen_Image_Edit_2509_v0_table/cap_left_of_table_FACE-CAMERA.png,cap,The cap is on the floor to the left of the person in the image.,no,no,yes,no,right
./Version0_dataset/Qwen_Image_Edit_2509_v0_table/ball-of-yarn_right_of_table_FACE-LEFT.png,ball-of-yarn,"The ball-of-yarn is on the floor to the right of the person in the image, closer to the bottom right corner of the frame. It appears to be a small, knitted or crocheted item, possibly a ball of yarn or a similar object.",no,no,no,yes,behind
./Version0_dataset/Qwen_Image_Edit_2509_v0_table/scarf_left_of_table_FACE-CAMERA.png,scarf,The scarf is on the floor to the left of the person in the image. It appears to be a maroon or burgundy color with fringes at the ends.,yes,no,yes,no,right
./Version0_dataset/Qwen_Image_Edit_2509_v0_table/phone_right_of_table_FACE-RIGHT.png,phone,The phone is on the floor to the right of the person in the image. It appears to be lying flat on the wooden floor.,no,no,no,yes,front
./Version0_dataset/Qwen_Image_Edit_2509_v0_table/banana_left_of_table_FACE-LEFT.png,banana,"The banana is on the floor to the left of the person in the image. It appears to be a single, ripe banana lying on its side.",no,no,yes,no,front
./Version0_dataset/Qwen_Image_Edit_2509_v0_table/bottle_left_of_table_FACE-LEFT.png,bottle,"The bottle is on the floor to the left of the person in the image. It appears to be a beer bottle, given its shape and label.",no,no,yes,no,front
./Version0_dataset/Qwen_Image_Edit_2509_v0_table/dragonfruit_left_of_table_FACE-LEFT.png,dragonfruit,"The dragonfruit is on the floor to the left of the person in the image. It appears to be a small, red, and somewhat irregularly shaped object, which is characteristic of a dragonfruit.",no,no,yes,no,front
./Version0_dataset/Qwen_Image_Edit_2509_v0_table/spatula_right_of_table_FACE-CAMERA.png,spatula,"The spatula is on the floor to the right side of the person in the image. It appears to be a kitchen utensil, likely used for cooking or serving food.",no,no,no,yes,left
./Version0_dataset/Qwen_Image_Edit_2509_v0_table/knife_right_of_table_FACE-CAMERA.png,knife,The knife is on the floor to the right side of the person in the image. It appears to be a kitchen knife with a black handle and a metallic blade.,no,no,no,yes,left
./Version0_dataset/Qwen_Image_Edit_2509_v0_table/banana_left_of_table_FACE-RIGHT.png,banana,"The banana is on the floor to the left of the person in the image, closer to the bottom left corner of the frame. It appears to be lying on its side.",no,no,yes,no,behind
./Version0_dataset/Qwen_Image_Edit_2509_v0_table/plate_right_of_table_FACE-RIGHT.png,plate,"The plate is on the floor to the right of the person in the image. It appears to be a white plate, and it is positioned near the bottom right corner of the frame.",no,no,no,yes,front
./Version0_dataset/Qwen_Image_Edit_2509_v0_table/kettle_left_of_table_FACE-RIGHT.png,kettle,"The kettle is on the floor to the left of the person in the image. It appears to be a black electric kettle with a spout, placed near the wall and slightly away from the person's feet.",no,no,yes,no,behind
./Version0_dataset/Qwen_Image_Edit_2509_v0_table/painting_left_of_table_FACE-CAMERA.png,painting,"The painting is on the floor to the left side of the person in the image. It appears to be a geometric abstract piece with a mix of colors including blue, pink, and orange.",no,no,yes,no,right
./Version0_dataset/Qwen_Image_Edit_2509_v0_table/plant_left_of_table_FACE-RIGHT.png,plant,"The plant is on the floor to the left of the person in the image. It appears to be a small potted plant with green leaves, lying on its side near a corner of the room.",no,no,yes,no,behind
./Version0_dataset/Qwen_Image_Edit_2509_v0_table/helmet_left_of_table_FACE-CAMERA.png,helmet,The helmet is on the floor to the left side of the person in the image. It appears to be a white bicycle helmet with black accents.,no,no,yes,no,right
./Version0_dataset/Qwen_Image_Edit_2509_v0_table/plate_left_of_table_FACE-LEFT.png,plate,"The plate is on the floor to the left of the person in the image. It appears to be a white plate, and it is positioned near the bottom left corner of the frame.",no,no,yes,no,front
./Version0_dataset/Qwen_Image_Edit_2509_v0_table/spatula_right_of_table_FACE-LEFT.png,spatula,"The spatula is on the floor to the right of the person in the image, closer to the bottom right corner of the frame. It appears to be a kitchen utensil with a green handle and a metal slotted head.",no,no,no,yes,behind
./Version0_dataset/Qwen_Image_Edit_2509_v0_table/plant_right_of_table_FACE-LEFT.png,plant,"The plant is on the floor to the right of the person in the image. It appears to be a small potted plant with green leaves, placed near a small device that looks like a smart speaker or similar gadget.",yes,no,no,yes,behind
./Version0_dataset/Qwen_Image_Edit_2509_v0_table/scissors_left_of_table_FACE-LEFT.png,scissors,"The scissors are on the floor to the left of the person in the image, closer to the bottom left corner of the frame.",yes,no,yes,no,front
./Version0_dataset/Qwen_Image_Edit_2509_v0_table/cup_left_of_table_FACE-CAMERA.png,cup,"The cup is on the floor to the left of the person in the image. It appears to be a white disposable cup with a logo on it, placed near the bottom left corner of the frame.",no,no,yes,no,right
./Version0_dataset/Qwen_Image_Edit_2509_v0_table/lemon_left_of_table_FACE-LEFT.png,lemon,"The lemon is on the floor to the left of the person in the image, closer to the wall. It appears to be a small yellow object that resembles a lemon.",no,no,yes,no,front
./Version0_dataset/Qwen_Image_Edit_2509_v0_table/lamp_right_of_table_FACE-LEFT.png,lamp,"The lamp is to the right of the person in the image, on the floor near the wall.",no,no,no,yes,behind
./Version0_dataset/Qwen_Image_Edit_2509_v0_table/phone_left_of_table_FACE-RIGHT.png,phone,The phone is on the floor to the left of the person in the image. It appears to be lying flat on the wooden floor.,no,no,yes,no,behind
./Version0_dataset/Qwen_Image_Edit_2509_v0_table/phone_left_of_table_FACE-LEFT.png,phone,The phone is on the floor to the left of the person in the image. It appears to be lying flat on the wooden floor.,no,no,yes,no,front
./Version0_dataset/Qwen_Image_Edit_2509_v0_table/dragonfruit_right_of_table_FACE-CAMERA.png,dragonfruit,"The dragonfruit is located on the floor to the right side of the person in the image. It appears to be a small, red, and textured object that resembles a dragonfruit.",no,no,no,yes,left
./Version0_dataset/Qwen_Image_Edit_2509_v0_table/ball-of-yarn_right_of_table_FACE-CAMERA.png,ball-of-yarn,"The ball-of-yarn is located on the floor to the right side of the person in the image. It appears to be a small, gray object that resembles a ball of yarn or a similar item.",no,no,no,yes,left
./Version0_dataset/Qwen_Image_Edit_2509_v0_table/plant_left_of_table_FACE-LEFT.png,plant,The plant is on the floor to the left of the person in the image. It appears to be a small potted plant with green leaves.,no,no,yes,no,front
./Version0_dataset/Qwen_Image_Edit_2509_v0_table/lemon_left_of_table_FACE-RIGHT.png,lemon,"The lemon is on the floor to the left of the person in the image, closer to the wall and slightly in front of the person's feet.",no,no,yes,no,behind
./Version0_dataset/Qwen_Image_Edit_2509_v0_table/chair2_right_of_table_FACE-LEFT.png,chair2,"The chair in the image is yellow with wooden legs and is positioned to the right of the person standing. It appears to be the only chair visible in the image. There is no indication of another chair (""chair2"") in the view of the person.",no,no,no,yes,behind
./Version0_dataset/Qwen_Image_Edit_2509_v0_table/bowl_left_of_table_FACE-LEFT.png,bowl,"The bowl is on the floor to the left of the person in the image. It appears to be a small, white bowl placed near the wall.",no,no,yes,no,front
./Version0_dataset/Qwen_Image_Edit_2509_v0_table/sunglasses_left_of_table_FACE-CAMERA.png,sunglasses,The sunglasses are on the floor to the left of the person in the image.,no,no,yes,no,right
./Version0_dataset/Qwen_Image_Edit_2509_v0_table/bowl_right_of_table_FACE-RIGHT.png,bowl,"The bowl is on the floor to the right of the person in the image, closer to the bottom right corner of the frame.",no,no,no,yes,front
./Version0_dataset/Qwen_Image_Edit_2509_v0_table/lemon_left_of_table_FACE-CAMERA.png,lemon,"The lemon is on the floor to the left of the person in the image. It appears to be a small, yellow object that resembles a lemon.",no,no,yes,no,right
./Version0_dataset/Qwen_Image_Edit_2509_v0_table/cup_right_of_table_FACE-LEFT.png,cup,"The cup is on the floor to the right of the person in the image, near the bottom right corner of the frame.",no,no,no,yes,behind
./Version0_dataset/Qwen_Image_Edit_2509_v0_table/helmet_right_of_table_FACE-RIGHT.png,helmet,The helmet is on the floor to the right of the person in the image. It appears to be a white bicycle helmet with some black patterns on it.,no,no,no,yes,front
./Version0_dataset/Qwen_Image_Edit_2509_v0_table/lamp_right_of_table_FACE-CAMERA.png,lamp,"The lamp is located to the right side of the person in the image, on the floor near the wall. It appears to be a small table lamp with a white shade and a silver base.",no,no,no,yes,left
./Version0_dataset/Qwen_Image_Edit_2509_v0_table/dog_right_of_table_FACE-CAMERA.png,dog,"The dog is to the right of the person in the image, sitting on the floor.",no,no,no,yes,left
./Version0_dataset/Qwen_Image_Edit_2509_v0_table/banana_right_of_table_FACE-RIGHT.png,banana,"The banana is on the floor to the right of the person in the image, closer to the bottom right corner of the frame.",no,no,no,yes,front
./Version0_dataset/Qwen_Image_Edit_2509_v0_table/chair2_left_of_table_FACE-RIGHT.png,chair2,"In the image, there is only one chair visible. It is located on the left side of the frame and appears to be yellow with wooden legs. There is no second chair (chair2) present in the view.",no,no,yes,no,behind
./Version0_dataset/Qwen_Image_Edit_2509_v0_table/ball-of-yarn_right_of_table_FACE-RIGHT.png,ball-of-yarn,"The ball-of-yarn is on the floor to the right of the person in the image, closer to the bottom right corner of the frame. It appears to be a small, knitted or crocheted item, possibly a ball of yarn or a similar object.",no,no,no,yes,front
./Version0_dataset/Qwen_Image_Edit_2509_v0_table/scissors_left_of_table_FACE-RIGHT.png,scissors,"The scissors are on the floor to the left of the person in the image, closer to the bottom left corner of the frame.",no,no,yes,no,behind
./Version0_dataset/Qwen_Image_Edit_2509_v0_table/lamp_right_of_table_FACE-RIGHT.png,lamp,"The lamp is to the right of the person in the image, on the floor near the wall.",no,no,no,yes,front
./Version0_dataset/Qwen_Image_Edit_2509_v0_table/cap_right_of_table_FACE-CAMERA.png,cap,The cap is on the floor to the right of the person in the image.,no,no,no,yes,left
./Version0_dataset/Qwen_Image_Edit_2509_v0_table/painting_left_of_table_FACE-RIGHT.png,painting,"The painting is on the floor to the left of the person in the image. It appears to be a small, colorful geometric piece with a pattern that includes blue, pink, and white colors.",no,no,yes,no,behind
./Version0_dataset/Qwen_Image_Edit_2509_v0_table/bowl_left_of_table_FACE-CAMERA.png,bowl,"The bowl is on the floor to the left of the person in the image. It appears to be a small, white bowl placed on the wooden floor.",no,no,yes,no,right
./Version0_dataset/Qwen_Image_Edit_2509_v0_table/bowl_right_of_table_FACE-LEFT.png,bowl,"The bowl is on the floor to the right of the person in the image, slightly in front of them when viewed from their perspective.",no,no,no,yes,behind
./Version0_dataset/Qwen_Image_Edit_2509_v0_table/ball-of-yarn_left_of_table_FACE-RIGHT.png,ball-of-yarn,"The ball-of-yarn is on the floor to the left of the person in the image, closer to the bottom left corner of the frame. It appears to be a small, gray, spherical object.",yes,no,yes,no,behind
./Version0_dataset/Qwen_Image_Edit_2509_v0_table/scissors_right_of_table_FACE-LEFT.png,scissors,"The scissors are on the floor to the right side of the person in the image, near their feet.",no,no,no,yes,behind
./Version0_dataset/Qwen_Image_Edit_2509_v0_table/plate_right_of_table_FACE-LEFT.png,plate,"The plate is on the floor to the right of the person in the image, closer to the bottom right corner of the frame.",no,no,no,yes,behind
./Version0_dataset/Qwen_Image_Edit_2509_v0_table/dragonfruit_left_of_table_FACE-RIGHT.png,dragonfruit,"The dragonfruit is on the floor to the left of the person in the image, closer to the bottom left corner of the frame. It appears to be a small, red fruit with a spiky exterior.",no,no,yes,no,behind
./Version0_dataset/Qwen_Image_Edit_2509_v0_table/kettle_right_of_table_FACE-RIGHT.png,kettle,"The kettle is on the floor to the right of the person in the image. It appears to be a black electric kettle with a spout, positioned near the bottom right corner of the frame.",no,no,no,yes,front
./Version0_dataset/Qwen_Image_Edit_2509_v0_table/knife_right_of_table_FACE-LEFT.png,knife,"The knife is on the floor to the right of the person in the image, near their right foot.",no,no,no,yes,behind
./Version0_dataset/Qwen_Image_Edit_2509_v0_table/scarf_right_of_table_FACE-RIGHT.png,scarf,The scarf is on the floor to the right of the person in the image. It appears to be a maroon or dark red color and is folded with tassels hanging down.,no,no,no,yes,front
./Version0_dataset/Qwen_Image_Edit_2509_v0_table/pillow_left_of_table_FACE-LEFT.png,pillow,"The pillow is on the floor to the left of the person in the image. It appears to be positioned near the wall, slightly away from the person who is standing with their back against it.",no,no,yes,no,front
./Version0_dataset/Qwen_Image_Edit_2509_v0_table/lamp_left_of_table_FACE-RIGHT.png,lamp,"The lamp is to the left of the person in the image, on the floor near the wall. It appears to be a small table lamp with a white shade and a silver base.",no,no,yes,no,behind
./Version0_dataset/Qwen_Image_Edit_2509_v0_table/book_right_of_table_FACE-CAMERA.png,book,The book is on the floor to the right of the person in the image.,no,no,no,yes,left
./Version0_dataset/Qwen_Image_Edit_2509_v0_table/pillow_left_of_table_FACE-CAMERA.png,pillow,"The pillow is on the floor to the left side of the person in the image. It appears to be a single, rectangular cushion with a mustard-yellow color.",no,no,yes,no,right
./Version0_dataset/Qwen_Image_Edit_2509_v0_table/banana_right_of_table_FACE-LEFT.png,banana,"The banana is on the floor to the right of the person in the image, closer to the bottom right corner of the frame.",no,no,no,yes,behind
./Version0_dataset/Qwen_Image_Edit_2509_v0_table/mug_right_of_table_FACE-RIGHT.png,mug,"The mug is on the floor to the right of the person in the image. It appears to be a white mug, and it is positioned near the bottom right corner of the frame.",no,no,no,yes,front
./Version0_dataset/Qwen_Image_Edit_2509_v0_table/helmet_left_of_table_FACE-RIGHT.png,helmet,The helmet is on the floor to the left of the person in the image. It appears to be a white bicycle helmet with black accents.,no,no,yes,no,behind
./Version0_dataset/Qwen_Image_Edit_2509_v0_table/banana_left_of_table_FACE-CAMERA.png,banana,The banana is on the floor to the left side of the person in the image. It appears to be lying on its side near the bottom left corner of the frame.,no,no,yes,no,right
./Version0_dataset/Qwen_Image_Edit_2509_v0_table/sunglasses_right_of_table_FACE-LEFT.png,sunglasses,"The sunglasses are on the floor to the right of the person in the image, near the bottom right corner of the frame.",no,no,no,yes,behind
./Version0_dataset/Qwen_Image_Edit_2509_v0_table/scarf_right_of_table_FACE-LEFT.png,scarf,The scarf is on the floor to the right of the person in the image. It appears to be a maroon or dark red color with tassels hanging from the bottom.,no,no,no,yes,behind
./Version0_dataset/Qwen_Image_Edit_2509_v0_table/plant_right_of_table_FACE-CAMERA.png,plant,"The plant is located on the right side of the image, near the bottom right corner. It appears to be a small potted plant with green leaves.",no,no,no,yes,left
./Version0_dataset/Qwen_Image_Edit_2509_v0_table/dragonfruit_right_of_table_FACE-RIGHT.png,dragonfruit,"The dragonfruit is on the floor to the right of the person in the image. It appears to be a red, spiky fruit, which is characteristic of a dragonfruit.",no,no,no,yes,front
./Version0_dataset/Qwen_Image_Edit_2509_v0_table/toilet-roll_right_of_table_FACE-RIGHT.png,toilet-roll,The toilet roll is on the floor to the right of the person in the image. It is positioned near their right foot when viewed from the side.,yes,no,no,yes,front
./Version0_dataset/Qwen_Image_Edit_2509_v0_table/bottle_left_of_table_FACE-RIGHT.png,bottle,"The bottle is on the floor to the left of the person in the image. It appears to be a beer bottle, given its shape and label.",no,no,yes,no,behind
./Version0_dataset/Qwen_Image_Edit_2509_v0_table/painting_right_of_table_FACE-CAMERA.png,painting,"The painting is on the floor to the right side of the person in the image. It appears to be a small, colorful geometric piece.",no,no,no,yes,left
./Version0_dataset/Qwen_Image_Edit_2509_v0_table/bowl_right_of_table_FACE-CAMERA.png,bowl,"The bowl is on the floor to the right side of the person in the image. It appears to be a small white bowl, possibly containing some food or liquid.",no,no,no,yes,left
./Version0_dataset/Qwen_Image_Edit_2509_v0_table/chair_left_of_table_FACE-LEFT.png,chair,"The chair is to the left of the person in the image, positioned against the wall.",no,yes,yes,no,front
./Version0_dataset/Qwen_Image_Edit_2509_v0_table/bottle_right_of_table_FACE-CAMERA.png,bottle,"The bottle is on the floor to the right side of the person in the image. It appears to be a small bottle, possibly a wine or beer bottle, and it is positioned near the bottom right corner of the frame.",no,no,no,yes,left
./Version0_dataset/Qwen_Image_Edit_2509_v0_table/chair_right_of_table_FACE-LEFT.png,chair,"The chair is to the right of the person in the image, positioned against the wall.",no,no,no,yes,behind
./Version0_dataset/Qwen_Image_Edit_2509_v0_table/helmet_right_of_table_FACE-CAMERA.png,helmet,The helmet is on the floor to the right side of the person in the image.,no,no,no,yes,left
./Version0_dataset/Qwen_Image_Edit_2509_v0_table/cap_right_of_table_FACE-RIGHT.png,cap,The cap is on the floor to the right of the person in the image. It appears to be a black baseball cap with a small logo on the front.,no,no,no,yes,front
./Version0_dataset/Qwen_Image_Edit_2509_v0_table/mug_right_of_table_FACE-CAMERA.png,mug,"The mug is on the floor to the right of the person in the image. It appears to be a white ceramic mug, and it is positioned near the bottom right corner of the frame.",no,no,no,yes,left
./Version0_dataset/Qwen_Image_Edit_2509_v0_table/scarf_left_of_table_FACE-LEFT.png,scarf,The scarf is on the floor to the left of the person in the image. It appears to be a dark-colored scarf with fringes at the ends.,yes,no,yes,no,front
./Version0_dataset/Qwen_Image_Edit_2509_v0_table/chair_left_of_table_FACE-CAMERA.png,chair,"The chair is to the left of the person in the image, positioned against the wall.",no,yes,yes,no,right
./Version0_dataset/Qwen_Image_Edit_2509_v0_table/painting_left_of_table_FACE-LEFT.png,painting,"The painting is on the floor to the left of the person in the image. It appears to be a small, colorful geometric piece with a pattern that includes blue, pink, and white colors.",no,no,yes,no,front
./Version0_dataset/Qwen_Image_Edit_2509_v0_table/helmet_right_of_table_FACE-LEFT.png,helmet,The helmet is on the floor to the right of the person in the image. It appears to be a white bicycle helmet with some black patterns and a chin strap.,no,no,no,yes,behind
./Version0_dataset/Qwen_Image_Edit_2509_v0_table/sunglasses_right_of_table_FACE-RIGHT.png,sunglasses,"The sunglasses are on the floor to the right of the person in the image, near the bottom right corner of the frame.",no,no,no,yes,front
./Version0_dataset/Qwen_Image_Edit_2509_v0_table/scissors_right_of_table_FACE-CAMERA.png,scissors,The scissors are on the floor to the right side of the person in the image.,no,no,no,yes,left
./Version0_dataset/Qwen_Image_Edit_2509_v0_table/spatula_left_of_table_FACE-RIGHT.png,spatula,"The spatula is on the floor to the left of the person in the image. It appears to be a kitchen utensil, likely a slotted spatula, and it is lying flat on the wooden floor.",no,no,yes,no,behind
./Version0_dataset/Qwen_Image_Edit_2509_v0_table/sunglasses_right_of_table_FACE-CAMERA.png,sunglasses,The sunglasses are on the floor to the right side of the person in the image.,no,no,no,yes,left
./Version0_dataset/Qwen_Image_Edit_2509_v0_table/sunglasses_left_of_table_FACE-RIGHT.png,sunglasses,"The sunglasses are on the floor to the left of the person in the image, closer to the bottom left corner of the frame.",no,no,yes,no,behind
./Version0_dataset/Qwen_Image_Edit_2509_v0_table/knife_left_of_table_FACE-LEFT.png,knife,"The knife is on the floor to the left of the person in the image. It appears to be lying flat on the wooden floor, positioned near the person's feet.",yes,no,yes,no,front
./Version0_dataset/Qwen_Image_Edit_2509_v0_table/scissors_left_of_table_FACE-CAMERA.png,scissors,The scissors are on the floor to the left side of the person in the image.,yes,no,yes,no,right
./Version0_dataset/Qwen_Image_Edit_2509_v0_table/orange_left_of_table_FACE-LEFT.png,orange,"The orange is on the floor to the left of the person in the image. It appears to be at a distance from the person, as it is not directly under their feet or close to them.",yes,no,yes,no,front
./Version0_dataset/Qwen_Image_Edit_2509_v0_table/cap_left_of_table_FACE-LEFT.png,cap,"The cap is on the floor to the left of the person in the image, closer to the bottom left corner of the frame.",no,no,yes,no,front
./Version0_dataset/Qwen_Image_Edit_2509_v0_table/spatula_left_of_table_FACE-CAMERA.png,spatula,"The spatula is on the floor to the left side of the person in the image. It appears to be a turquoise-colored spatula with a handle and a flat, wide end.",no,no,yes,no,right
./Version0_dataset/Qwen_Image_Edit_2509_v0_table/lemon_right_of_table_FACE-LEFT.png,lemon,"The lemon is on the floor to the right of the person in the image, closer to the bottom right corner of the frame.",no,no,no,yes,behind
./Version0_dataset/Qwen_Image_Edit_2509_v0_table/plant_right_of_table_FACE-RIGHT.png,plant,"The plant is on the floor to the right of the person in the image. It appears to be a small potted plant with green leaves, placed near a smart speaker device.",no,no,no,yes,front
./Version0_dataset/Qwen_Image_Edit_2509_v0_table/dog_left_of_table_FACE-CAMERA.png,dog,"The dog is to the left of the person in the image, sitting on the floor.",no,no,yes,no,right
./Version0_dataset/Qwen_Image_Edit_2509_v0_table/kettle_left_of_table_FACE-CAMERA.png,kettle,"The kettle is on the floor to the left side of the person in the image. It appears to be a black electric kettle with a spout, positioned near the wall and slightly to the left of the person's right leg.",no,no,yes,no,right
./Version0_dataset/Qwen_Image_Edit_2509_v0_table/cup_right_of_table_FACE-RIGHT.png,cup,"The cup is on the floor to the right of the person in the image. It appears to be a disposable paper cup, and it is positioned near the bottom right corner of the frame.",no,no,no,yes,front
./Version0_dataset/Qwen_Image_Edit_2509_v0_table/chair2_right_of_table_FACE-CAMERA.png,chair2,"In the image, there is only one chair visible on the right side of the person standing. There is no second chair (chair2) present in the view.",no,no,no,yes,left
./Version0_dataset/Qwen_Image_Edit_2509_v0_table/cup_left_of_table_FACE-LEFT.png,cup,"The cup is on the floor to the left of the person in the image. It appears to be a disposable paper cup, and it is positioned near the bottom left corner of the frame.",no,no,yes,no,front
./Version0_dataset/Qwen_Image_Edit_2509_v0_table/pillow_left_of_table_FACE-RIGHT.png,pillow,"The pillow is on the floor to the left of the person in the image. It appears to be a single, rectangular cushion with a mustard-yellow color.",no,no,yes,no,behind
./Version0_dataset/Qwen_Image_Edit_2509_v0_table/phone_right_of_table_FACE-CAMERA.png,phone,The phone is on the floor to the right side of the person in the image.,no,no,no,yes,left
./Version0_dataset/Qwen_Image_Edit_2509_v0_table/ball-of-yarn_left_of_table_FACE-LEFT.png,ball-of-yarn,"The ball-of-yarn is on the floor to the left of the person in the image, closer to the bottom left corner of the frame. It appears to be a small, gray, knotted piece of yarn or string.",no,no,yes,no,front
./Version0_dataset/Qwen_Image_Edit_2509_v0_table/scarf_left_of_table_FACE-RIGHT.png,scarf,The scarf is on the floor to the left of the person in the image. It appears to be a dark-colored scarf with fringes at the ends.,yes,no,yes,no,behind
./Version0_dataset/Qwen_Image_Edit_2509_v0_table/pillow_right_of_table_FACE-RIGHT.png,pillow,"The pillow is on the floor to the right of the person in the image. It appears to be a single, rectangular cushion with a mustard yellow color.",no,no,no,yes,front
./Version0_dataset/Qwen_Image_Edit_2509_v0_table/scissors_right_of_table_FACE-RIGHT.png,scissors,"The scissors are on the floor to the right of the person in the image, near their feet.",no,no,no,yes,front
./Version0_dataset/Qwen_Image_Edit_2509_v0_table/plant_left_of_table_FACE-CAMERA.png,plant,The plant is located on the floor to the left side of the person in the image. It appears to be a small potted plant with green leaves.,no,no,yes,no,right
./Version0_dataset/Qwen_Image_Edit_2509_v0_table/orange_left_of_table_FACE-RIGHT.png,orange,"The orange is on the floor to the left of the person in the image. It appears to be placed near the bottom left corner of the frame, relative to the person's position.",no,no,yes,no,behind
./Version0_dataset/Qwen_Image_Edit_2509_v0_table/chair2_left_of_table_FACE-LEFT.png,chair2,"The chair is located to the left of the person in the image, positioned against the wall. It appears to be a single yellow chair with wooden legs. The person is standing on the right side of the frame, and the chair is to their left when facing forward.",no,no,yes,no,front
./Version0_dataset/Qwen_Image_Edit_2509_v0_table/lemon_right_of_table_FACE-RIGHT.png,lemon,"The lemon is on the floor to the right of the person in the image, near their right foot.",no,no,no,yes,front
./Version0_dataset/Qwen_Image_Edit_2509_v0_table/toilet-roll_right_of_table_FACE-CAMERA.png,toilet-roll,The toilet-roll is on the floor to the right side of the person in the image.,no,no,no,yes,left
./Version0_dataset/Qwen_Image_Edit_2509_v0_table/book_left_of_table_FACE-CAMERA.png,book,The book is on the floor to the left side of the person in the image. It appears to be lying flat on the wooden floor.,no,no,yes,no,right
./Version0_dataset/Qwen_Image_Edit_2509_v0_table/book_right_of_table_FACE-LEFT.png,book,"The book is on the floor to the right of the person in the image, closer to the bottom right corner of the frame.",no,no,no,yes,behind
./Version0_dataset/Qwen_Image_Edit_2509_v0_table/lamp_left_of_table_FACE-LEFT.png,lamp,"The lamp is to the left of the person in the image, on the floor near the wall. It appears to be a small table lamp with a white shade and a silver base.",no,no,yes,no,front
./Version0_dataset/Qwen_Image_Edit_2509_v0_table/painting_right_of_table_FACE-LEFT.png,painting,"The painting is on the floor to the right of the person in the image. It appears to be a small, colorful piece with geometric patterns.",no,no,no,yes,behind
./Version0_dataset/Qwen_Image_Edit_2509_v0_table/book_left_of_table_FACE-RIGHT.png,book,The book is on the floor to the left of the person in the image. It appears to be lying flat on the wooden floor.,no,no,yes,no,behind
./Version0_dataset/Qwen_Image_Edit_2509_v0_table/phone_left_of_table_FACE-CAMERA.png,phone,The phone is on the floor to the left of the person in the image.,no,no,yes,no,right
./Version0_dataset/Qwen_Image_Edit_2509_v0_table/cap_right_of_table_FACE-LEFT.png,cap,The cap is on the floor to the right of the person in the image. It appears to be a black baseball cap with a small logo on it.,no,no,no,yes,behind
./Version0_dataset/Qwen_Image_Edit_2509_v0_table/orange_left_of_table_FACE-CAMERA.png,orange,The orange is on the floor to the left of the person in the image. It appears to be placed near the bottom left corner of the frame.,yes,no,yes,no,right
./Version0_dataset/Qwen_Image_Edit_2509_v0_table/helmet_left_of_table_FACE-LEFT.png,helmet,The helmet is on the floor to the left of the person in the image. It appears to be a white bicycle helmet with black accents.,no,no,yes,no,front
./Version0_dataset/Qwen_Image_Edit_2509_v0_table/pillow_right_of_table_FACE-CAMERA.png,pillow,The pillow is on the floor to the right side of the person in the image.,no,no,no,yes,left
./Version0_dataset/Qwen_Image_Edit_2509_v0_table/orange_right_of_table_FACE-LEFT.png,orange,The orange is on the floor to the right of the person in the image. It is positioned near the bottom right corner of the frame.,no,no,no,yes,behind
./Version0_dataset/Qwen_Image_Edit_2509_v0_table/chair2_right_of_table_FACE-RIGHT.png,chair2,"The chair in the image is yellow with wooden legs and is positioned to the right of the person standing. It appears to be the only chair visible in the image. There is no indication of another chair (""chair2"") in the view of the person.",no,no,no,yes,front
./Version0_dataset/Qwen_Image_Edit_2509_v0_table/knife_left_of_table_FACE-RIGHT.png,knife,"The knife is on the floor to the left of the person in the image. It appears to be lying flat on the wooden floor, positioned near the bottom left corner of the frame.",no,no,yes,no,behind
./Version0_dataset/Qwen_Image_Edit_2509_v0_table/plate_right_of_table_FACE-CAMERA.png,plate,"The plate is on the floor to the right of the person in the image. It appears to be a white plate, and it is positioned near the bottom right corner of the frame.",no,no,no,yes,left
./Version0_dataset/Qwen_Image_Edit_2509_v0_table/book_left_of_table_FACE-LEFT.png,book,The book is on the floor to the left of the person in the image. It appears to be lying flat on the wooden floor.,no,no,yes,no,front
./Version0_dataset/Qwen_Image_Edit_2509_v0_table/spatula_right_of_table_FACE-RIGHT.png,spatula,"The spatula is on the floor to the right of the person in the image, near the bottom right corner of the frame. It appears to be a kitchen utensil with a green handle and a metal slotted head.",no,no,no,yes,front
./Version0_dataset/Qwen_Image_Edit_2509_v0_table/phone_right_of_table_FACE-LEFT.png,phone,The phone is on the floor to the right of the person in the image. It appears to be lying flat on the wooden floor.,no,no,no,yes,behind
./Version0_dataset/Qwen_Image_Edit_2509_v0_table/dog_right_of_table_FACE-LEFT.png,dog,"The dog is to the right of the person in the image, sitting on the floor and looking towards the camera. The person appears to be standing with their back slightly turned towards the dog, but they are still facing the same direction as the dog.",no,no,no,yes,behind
./Version0_dataset/Qwen_Image_Edit_2509_v0_table/cap_left_of_table_FACE-RIGHT.png,cap,"The cap is on the floor to the left of the person in the image. It appears to be a dark-colored cap with a logo on it, lying flat on the wooden floor.",no,no,yes,no,behind
./Version0_dataset/Qwen_Image_Edit_2509_v0_table/painting_right_of_table_FACE-RIGHT.png,painting,"The painting is on the floor to the right of the person in the image. It appears to be a small, colorful piece with geometric patterns.",no,no,no,yes,front
./Version0_dataset/Qwen_Image_Edit_2509_v0_table/book_right_of_table_FACE-RIGHT.png,book,"The book is on the floor to the right of the person in the image, closer to the bottom right corner of the frame.",no,no,no,yes,front
./Version0_dataset/Qwen_Image_Edit_2509_v0_table/dragonfruit_right_of_table_FACE-LEFT.png,dragonfruit,"The dragonfruit is located on the floor to the right side of the person in the image, near their feet. It appears to be a small, red, and somewhat round object that resembles a dragonfruit.",no,no,no,yes,behind
./Version0_dataset/Qwen_Image_Edit_2509_v0_table/mug_right_of_table_FACE-LEFT.png,mug,"The mug is on the floor to the right of the person in the image, positioned near the bottom right corner of the frame.",no,no,no,yes,behind
./Version0_dataset/Qwen_Image_Edit_2509_v0_table/orange_right_of_table_FACE-RIGHT.png,orange,"The orange is on the floor to the right of the person in the image. It appears to be about 1 meter away from the person, based on the perspective and scale of the image.",no,no,no,yes,front
./Version0_dataset/Qwen_Image_Edit_2509_v0_table/cup_right_of_table_FACE-CAMERA.png,cup,"The cup is on the floor to the right side of the person in the image. It appears to be a disposable paper cup, and it is positioned near the bottom right corner of the frame.",no,no,no,yes,left
./Version0_dataset/Qwen_Image_Edit_2509_v0_table/banana_right_of_table_FACE-CAMERA.png,banana,"The banana is on the floor to the right side of the person in the image. It appears to be a single, ripe banana lying on its side.",no,no,no,yes,left
./Version0_dataset/Qwen_Image_Edit_2509_v0_table/bowl_left_of_table_FACE-RIGHT.png,bowl,"The bowl is on the floor to the left of the person in the image. It appears to be a small white bowl, and it is positioned near the wall, closer to the bottom left corner of the image.",no,no,yes,no,behind
./Version0_dataset/Qwen_Image_Edit_2509_v0_table/lamp_left_of_table_FACE-CAMERA.png,lamp,"The lamp is to the left of the person in the image, on the floor near the wall. It appears to be a small table lamp with a white shade and a silver base.",no,no,yes,no,right
./Version0_dataset/Qwen_Image_Edit_2509_v0_table/kettle_right_of_table_FACE-CAMERA.png,kettle,"The kettle is on the floor to the right side of the person in the image. It appears to be a black electric kettle with a spout, positioned near the bottom right corner of the frame.",no,no,no,yes,left
./Version0_dataset/Qwen_Image_Edit_2509_v0_table/spatula_left_of_table_FACE-LEFT.png,spatula,The spatula is on the floor to the left of the person in the image. It appears to be a turquoise-colored spatula lying flat on the wooden floor.,yes,no,yes,no,front
./Version0_dataset/Qwen_Image_Edit_2509_v0_table/scarf_right_of_table_FACE-CAMERA.png,scarf,The scarf is on the floor to the right side of the person in the image. It appears to be a dark-colored scarf with fringe at the ends.,no,no,no,yes,left
./Version0_dataset/Qwen_Image_Edit_2509_v0_table/kettle_right_of_table_FACE-LEFT.png,kettle,"The kettle is on the floor to the right of the person in the image. It appears to be a black electric kettle with a spout, positioned near the bottom right corner of the frame.",no,no,no,yes,behind
./Version0_dataset/Qwen_Image_Edit_2509_v0_table/sunglasses_left_of_table_FACE-LEFT.png,sunglasses,"The sunglasses are on the floor to the left of the person in the image, closer to the bottom left corner of the frame.",no,no,yes,no,front
